,description,publishedAt,title,title_desc_sent_1,title_desc
44,"Canada’s job market unexpectedly weakened for a second-straight month, registering the biggest drop in employment since 2009 and casting doubt on the resiliency of the domestic outlook.",2019-12-06,Canada posts largest job loss since 2009 on full-time drop,-1,"Canada posts largest job loss since 2009 on full-time drop. Canada’s job market unexpectedly weakened for a second-straight month, registering the biggest drop in employment since 2009 and casting doubt on the resiliency of the domestic outlook."
4,Premier Dwight Ball says 'offshore industry has undergone tremendous challenges',2020-05-12,No decision made on Terra Nova oilfield shutdown: Suncor,0,No decision made on Terra Nova oilfield shutdown: Suncor. Premier Dwight Ball says 'offshore industry has undergone tremendous challenges'
53,It's a new version of a scam that has ripped off thousands of individuals,2019-11-06,Scammers spoofing more than a dozen federal government departments to defraud Canadians,0,Scammers spoofing more than a dozen federal government departments to defraud Canadians. It's a new version of a scam that has ripped off thousands of individuals
42,It was previously thought the payments began in the 1980s,2019-12-14,"Retirement payments for city workers date back to at least 1964, city clerk says",0,"Retirement payments for city workers date back to at least 1964, city clerk says. It was previously thought the payments began in the 1980s"
10,But laid-off bartender who originally qualified for EI found switch-over to COVID-19 benefit confusing,2020-04-07,Pretty good for government': Laid-off workers praise ease of COVID-19 emergency benefits site,0,Pretty good for government': Laid-off workers praise ease of COVID-19 emergency benefits site. But laid-off bartender who originally qualified for EI found switch-over to COVID-19 benefit confusing
85,"Her views on central-banking issues fall in line with the ECB's — that is, with at least one exception",2019-07-03,"The world of monetary policy, according to Christine Lagarde",0,"The world of monetary policy, according to Christine Lagarde. Her views on central-banking issues fall in line with the ECB's — that is, with at least one exception"
72,Open pit mine began commercial production this summer,2019-08-27,Whale Tail mine expansion undergoes public hearings this week in Baker Lake,0,Whale Tail mine expansion undergoes public hearings this week in Baker Lake. Open pit mine began commercial production this summer
94,Some single adults getting an additional $27 a month while freeze leaves others behind: Make Poverty History,2019-06-05,"Freezing rental assistance while slashing PST misguided, Manitoba anti-poverty group says",0,"Freezing rental assistance while slashing PST misguided, Manitoba anti-poverty group says. Some single adults getting an additional $27 a month while freeze leaves others behind: Make Poverty History"
36,"Total number of jobs tops 80,000",2020-01-14,P.E.I. sees 'tremendous growth' in jobs in 2019,1,"P.E.I. sees 'tremendous growth' in jobs in 2019. Total number of jobs tops 80,000"
11,‚Äö√Ñ√≤It‚Äö√Ñ√¥s virtually impossible to reach out to Service Canada at a time when Service Canada is really needed‚Äö√Ñ√¥,2020-04-07,P.E.I. residents struggle to apply for EI as COVID-19 claims swamp phone lines,0,P.E.I. residents struggle to apply for EI as COVID-19 claims swamp phone lines. ‚Äö√Ñ√≤It‚Äö√Ñ√¥s virtually impossible to reach out to Service Canada at a time when Service Canada is really needed‚Äö√Ñ√¥
40,Dec.¬¨‚Ä†15¬¨‚Ä†we expected to get a paycheque and instead we got an email saying the company is shut down',2019-12-17,Employees shocked after Athlete Factory suddenly shuts its doors,-1,Employees shocked after Athlete Factory suddenly shuts its doors. Dec.¬¨‚Ä†15¬¨‚Ä†we expected to get a paycheque and instead we got an email saying the company is shut down'
26,Could be good news for the nation's increasingly tight real estate markets,2020-02-10,Condo gains push Canadian housing starts to 4-month high,0,Condo gains push Canadian housing starts to 4-month high. Could be good news for the nation's increasingly tight real estate markets
95,Move comes after some federal departments microtargeted Facebook job ads,2019-05-30,Hiring watchdog to step up monitoring of government job ads,0,Hiring watchdog to step up monitoring of government job ads. Move comes after some federal departments microtargeted Facebook job ads
104,"Six miles from Apple's dazzling new Cupertino campus is an unidentified, non-descript building that could mirror how some workers are treated",2019-02-12,Behind the scenes: What it’s like to work inside Apple’s ‘black site’,0,"Behind the scenes: What it’s like to work inside Apple’s ‘black site’. Six miles from Apple's dazzling new Cupertino campus is an unidentified, non-descript building that could mirror how some workers are treated"
18,"Prime Minister Justin Trudeau said half a million Canadians, or about 2.5 per cent of the labor force, have applied for jobless claims this week, smashing previous records and suggesting the nation is already in a deep recession.",2020-03-20,"Canada received over 500,000 EI applications this week",-1,"Canada received over 500,000 EI applications this week. Prime Minister Justin Trudeau said half a million Canadians, or about 2.5 per cent of the labor force, have applied for jobless claims this week, smashing previous records and suggesting the nation is already in a deep recession."
0,"Goldman Sachs Group Inc. economists revised their forecasts to reflect a gloomier outlook for the U.S. labor market, though also the potential for a faster recovery from the coronavirus pandemic.",2020-05-13,"Goldman Sachs now sees U.S. jobless rate peaking at 25%, not 15%",-1,"Goldman Sachs now sees U.S. jobless rate peaking at 25%, not 15%. Goldman Sachs Group Inc. economists revised their forecasts to reflect a gloomier outlook for the U.S. labor market, though also the potential for a faster recovery from the coronavirus pandemic."
62,Warning signs mounted today with wave of data showing slumping manufacturing,2019-10-01,Trade conflicts are hitting the global economy with an impact reminiscent of the 1930s,-1,Trade conflicts are hitting the global economy with an impact reminiscent of the 1930s. Warning signs mounted today with wave of data showing slumping manufacturing
112,Affordable housing is almost impossible to find as tighter mortgage rules and a surge in immigrants has created an all-out war for rentals,2018-11-26,'We're at a crisis and we don't even realize it': The dark side of Toronto's housing boom,0,'We're at a crisis and we don't even realize it': The dark side of Toronto's housing boom. Affordable housing is almost impossible to find as tighter mortgage rules and a surge in immigrants has created an all-out war for rentals
76,Survivor says she's frustrated by bail decision,2019-08-13,Awet Mehari granted bail pending appeal hearing for sexual assault conviction,0,Awet Mehari granted bail pending appeal hearing for sexual assault conviction. Survivor says she's frustrated by bail decision
101,Economists had expected a gain,2019-04-05,"Canada loses 7,200 jobs, its first employment drop in seven months",-1,"Canada loses 7,200 jobs, its first employment drop in seven months. Economists had expected a gain"
68,"Monica Rankin has been charged with theft under $5,000",2019-09-11,Windsor PSW charged with alleged theft from client,0,"Windsor PSW charged with alleged theft from client. Monica Rankin has been charged with theft under $5,000"
89,Cash earmarked for energy-efficient gas turbines needed for the $40B project and a new bridge in Kitimat,2019-06-24,"Feds announce $275M for 'largest private sector investment in Canadian history' ‚Äö√Ñ√Æ Kitimat, B.C.'s LNG project",1,"Feds announce $275M for 'largest private sector investment in Canadian history' ‚Äö√Ñ√Æ Kitimat, B.C.'s LNG project. Cash earmarked for energy-efficient gas turbines needed for the $40B project and a new bridge in Kitimat"
115,"The toll of one of the largest U.S. retail failures is evident in July employment statistics, which were held back by the collapse of Toys “R” Us.",2018-08-03,Toys ‘R’ Us job carnage drags on July U.S. payroll figures,-1,"Toys ‘R’ Us job carnage drags on July U.S. payroll figures. The toll of one of the largest U.S. retail failures is evident in July employment statistics, which were held back by the collapse of Toys “R” Us."
12,8 of 22 of COVID-19 cases on P.E.I. considered recovered,2020-04-06,"COVID-19 on P.E.I.: What's happening Monday, April 6",0,"COVID-19 on P.E.I.: What's happening Monday, April 6. 8 of 22 of COVID-19 cases on P.E.I. considered recovered"
