,Unnamed: 0,source,title_desc,publishedAt,title_desc_sent_1
20,20,CBC,"Kenney heads to Ottawa to demand urgent help from federal Liberals, warning Alberta faces 'triple whammy'. It's time for Ottawa to have Alberta's back'",2020-03-11,-1
8,8,"{'id': 'fp-bloomberg-news', 'name': 'Bloomberg News From FP'}",Oil price war ends with historic OPEC+ deal for biggest output cut ever of 9.7 million barrels a day. The question now for the oil market is whether the cuts will be enough to throw a floor under prices as demand for energy craters,2020-04-12,0
14,14,"{'id': 'fp-bloomberg-news', 'name': 'Bloomberg News From FP'}",Stocks suffer weekly loss after dismal jobs report. 'A lot of the bad news is already built into the market',2020-04-02,-1
96,96,"{'id': 'fp-bloomberg-news', 'name': 'Bloomberg News From FP'}",Markets are more gloomy about our economy than the Bank of Canada — who’s right?. Some see the loonie falling below 74 cents after the central bank’s rate decision this week,2019-05-27,0
80,80,CBC,"Plastic production could create jobs as mills shut down in B.C. Interior. West Coast Olefins says proposed facility will create up to 1,000 permanent jobs",2019-07-29,1
41,41,CBC,New draft ethics guidelines for judges caution them about post-bench work. It will be up to law societies across Canada to give the new rules teeth,2019-12-15,0
89,89,CBC,"Feds announce $275M for 'largest private sector investment in Canadian history' ‚Äö√Ñ√Æ Kitimat, B.C.'s LNG project. Cash earmarked for energy-efficient gas turbines needed for the $40B project and a new bridge in Kitimat",2019-06-24,1
72,72,CBC,Whale Tail mine expansion undergoes public hearings this week in Baker Lake. Open pit mine began commercial production this summer,2019-08-27,0
113,113,Bloomberg News,"Canada 6th in the world at attracting talent. Switzerland once again clinched the top spot in a global survey on fostering and attracting talent, in a top 10 list that includes Canada but not the U.S., and no Asian nations.",2018-11-19,1
40,40,CBC,Employees shocked after Athlete Factory suddenly shuts its doors. Dec.¬¨‚Ä†15¬¨‚Ä†we expected to get a paycheque and instead we got an email saying the company is shut down',2019-12-17,-1
87,87,CBC,"Canada's economy shakes off doldrums, expands 0.3% in April. Pickup in oil and gas extraction in wake of Alberta production cuts helps boost GDP",2019-06-28,1
102,102,"{'id': 'fp-bloomberg-news', 'name': 'Bloomberg News From FP'}",What gives? Canada’s job market off to its best start in almost 40 years. Aren’t we supposed to be in a slowdown?,2019-03-08,1
74,74,"{'id': 'fp-bloomberg-news', 'name': 'Bloomberg News From FP'}","A Bank of Canada rate cut is looking more likely and the first could come as early as September. A slowing economy and growing trade tensions suggest a cut will happen more quickly than currently accounted for, Macquarie economist says",2019-08-20,-1
16,16,CBC,London reeling from the economic impact of COVID-19: deputy mayor. Most downtown businesses are closed and the effect on tourism has been ‚Äö√Ñ√∫devastating‚Äö√Ñ√π,2020-03-25,-1
66,66,"{'id': 'fp-bloomberg-news', 'name': 'Bloomberg News From FP'}","Trudeau pledges to cut Canadians’ cellphone bills by 25% within four years. Also promises to raise basic personal income tax deduction, saving average family $585 a year",2019-09-23,0
100,100,Bloomberg News,"U.S. jobless claims rise most since 2017, topping estimates. Filings for U.S. unemployment benefits rose the most since late 2017, while still remaining in the range of what’s considered a tight labor market.",2019-04-25,-1
79,79,"{'id': 'fp-bloomberg-news', 'name': 'Bloomberg News From FP'}","Fed looks locked in for quarter-point cut, but there may be drama. Unclear what signal will emerge about the scope for further easing",2019-07-31,0
111,111,"{'id': 'fp-bloomberg-news', 'name': 'Bloomberg News From FP'}","Even if OPEC decides to cut, oil prices could still fall in 2019. Opinion: The group is unable to deliver sustainable reductions alone, and geopolitical forces may see other players unwilling to pitch in",2018-11-29,-1
45,45,"{'id': 'fp-bloomberg-news', 'name': 'Bloomberg News From FP'}","Canada loses 71,200 jobs in biggest employment drop in decade. Unemployment rate jumps the most since 2009 to 5.9%",2019-12-06,-1
31,31,CBC,"P.E.I.'s farm technician program adds high-tech content. It's no different than any other industry, you can fall behind very quickly'",2020-01-29,0
99,99,Bloomberg News,"UBS said to tell some managers to only hire when five leave. UBS Group AG is telling executives in its large wealth management business to be more selective when hiring bankers as it seeks to cut costs following a challenging first quarter, according to people familiar with the matter.",2019-04-30,-1
63,63,CBC,"Army reserves looking for recruits at P.E.I. open house. We're always in need of new people as people leave, people retire, people transfer'",2019-09-28,1
98,98,"{'id': 'fp-bloomberg-news', 'name': 'Bloomberg News From FP'}","Federal Reserve holds interest rate again, reiterates patience on future path. Central bankers, who've been slammed by Trump for not doing more to support the economy, noted livelier growth while acknowledging weak inflation",2019-05-01,1
36,36,CBC,"P.E.I. sees 'tremendous growth' in jobs in 2019. Total number of jobs tops 80,000",2020-01-14,1
116,116,Bloomberg News,"Number of Canadians receiving EI benefits hits record low. The number of people receiving jobless benefits fell to a record low in February, another reflection of diminishing labor market slack as the Bank of Canada weighs when to raise interest rates again.",2018-04-19,1
3,3,"{'id': 'fp-bloomberg-news', 'name': 'Bloomberg News From FP'}",Stocks tumble after double whammy of warnings from Fauci and Fed over pandemic economy. Central bank officials cited risk of the potential for massive bankruptcies that could create a lasting scar,2020-05-12,-1
43,43,CBC,Windsor's unemployment rate third highest in Canada. Canada's unemployment rate is 5.9 per cent,2019-12-06,-1
18,18,Bloomberg News,"Canada received over 500,000 EI applications this week. Prime Minister Justin Trudeau said half a million Canadians, or about 2.5 per cent of the labor force, have applied for jobless claims this week, smashing previous records and suggesting the nation is already in a deep recession.",2020-03-20,-1
50,50,"{'id': 'fp-bloomberg-news', 'name': 'Bloomberg News From FP'}","Surge in number of Canadians who can't pay their debts has economists worried — and scratching their heads. Insolvencies are accelerating at a pace that's been associated with periods of distress, yet the economic backdrop has been positive",2019-11-18,0
15,15,"{'id': 'fp-bloomberg-news', 'name': 'Bloomberg News From FP'}","White House, senators strike deal on America's biggest rescue package ever — $2 trillion in spending and tax breaks. Spending, including direct payments to individuals, dwarfs the $800 billion Obama stimulus that passed five months after the 2008 financial crash",2020-03-25,1
93,93,"{'id': 'fp-bloomberg-news', 'name': 'Bloomberg News From FP'}",Job surge helps push Canada’s unemployment rate to lowest in over 40 years. Data another sign Canada is on the path back to growth,2019-06-07,1
4,4,CBC,No decision made on Terra Nova oilfield shutdown: Suncor. Premier Dwight Ball says 'offshore industry has undergone tremendous challenges',2020-05-12,0
29,29,"{'id': 'fp-bloomberg-news', 'name': 'Bloomberg News From FP'}",Toronto home prices rise at fastest pace in more than two years. Biggest increase since the mortgage stress test was launched,2020-02-06,0
38,38,"{'id': 'fp-bloomberg-news', 'name': 'Bloomberg News From FP'}","U.S.-China pact signals global trade progress, but Poloz says it’s uncertain if Canada will benefit. Bank of Canada Governor Stephen Poloz said losses from the trade conflict are likely to be permanent even if growth picks up",2020-01-09,-1
73,73,"{'id': 'fp-bloomberg-news', 'name': 'Bloomberg News From FP'}","The $30-billion exodus: Foreign oil firms keep bailing on Canada's energy sector. The drumbeat of exits, rare for such a stable oil-producing country, adds an extra layer of gloom for an industry that accounts for about a fifth of Canada's exports",2019-08-22,-1
101,101,"{'id': 'fp-bloomberg-news', 'name': 'Bloomberg News From FP'}","Canada loses 7,200 jobs, its first employment drop in seven months. Economists had expected a gain",2019-04-05,-1
64,64,"{'id': 'fp-bloomberg-news', 'name': 'Bloomberg News From FP'}",'They don't need us anymore': Auto workers are deathly afraid electric cars will eliminate their jobs. Dread over prospect plug-in cars — which have fewer parts and require less labour to build — will doom auto jobs helped spark GM strike,2019-09-27,-1
115,115,Bloomberg News,"Toys ‘R’ Us job carnage drags on July U.S. payroll figures. The toll of one of the largest U.S. retail failures is evident in July employment statistics, which were held back by the collapse of Toys “R” Us.",2018-08-03,-1
62,62,"{'id': 'fp-bloomberg-news', 'name': 'Bloomberg News From FP'}",Trade conflicts are hitting the global economy with an impact reminiscent of the 1930s. Warning signs mounted today with wave of data showing slumping manufacturing,2019-10-01,-1
52,52,"{'id': 'fp-bloomberg-news', 'name': 'Bloomberg News From FP'}","As Ontario and Quebec see finances improve, Alberta's is only getting worse and it's adding to tensions. Quebec and Ontario have consistently outperformed Alberta during the last four years, but Alberta hasn't received any equalization payments",2019-11-06,0
85,85,"{'id': 'fp-bloomberg-news', 'name': 'Bloomberg News From FP'}","The world of monetary policy, according to Christine Lagarde. Her views on central-banking issues fall in line with the ECB's — that is, with at least one exception",2019-07-03,0
25,25,Bloomberg News,"Healthy labour market is providing wage relief in Canada. Canadians have become more confident in the prospect of wage hikes if they leave their job, another sign of health for the country’s labour market.",2020-02-13,1
83,83,CBC,"Unifor wants urgent meeting to discuss pending layoffs at Bombardier Thunder Bay plant. All parties involved should immediately come to the table to discuss solutions, Jerry Dias says",2019-07-11,-1
21,21,CBC,"The depths of the despair': CBC Cape Breton explores poverty in Northside communities. I don't think we have conversations about pride and dignity,' says anti-poverty advocate Dorothy Halliday",2020-03-10,0
92,92,"{'id': 'fp-bloomberg-news', 'name': 'Bloomberg News From FP'}",'Sea of tranquility': Ontario pitches its debt as a haven to European investors amid Brexit. Finance Minister Vic Fedeli says Ontario is finding investor interest for an eventual deal in Europe,2019-06-11,0
97,97,"{'id': 'fp-bloomberg-news', 'name': 'Bloomberg News From FP'}","The Bank of Canada is underestimating the housing slump, Capital Economics warns. Developers are having a harder time securing their projects, senior economist says, which will bruise employment and consumption",2019-05-14,-1
78,78,CBC,"Unemployment rate jumps to 5.7% in July as more people look for fewer jobs. Canada's economy lost 24,000 jobs last month",2019-08-09,-1
105,105,"{'id': 'fp-bloomberg-news', 'name': 'Bloomberg News From FP'}","Canada unexpectedly gains almost 67,000 jobs as private-sector hiring hits record. A sign of strength in an economy facing several other headwinds",2019-02-08,1
110,110,"{'id': 'fp-bloomberg-news', 'name': 'Bloomberg News From FP'}","Men on Wall Street are so spooked by the #MeToo movement they're avoiding women at all costs. Wall Street risks becoming more of a boy's club, rather than less of one",2018-12-03,0
1,1,CBC,"As Suncor ponders Terra Nova's future, N.L. offshore workers worry about their own. Supply and service sector also on edge as business slows, while government pushes for federal help",2020-05-13,-1
71,71,"{'id': 'fp-bloomberg-news', 'name': 'Bloomberg News From FP'}",Hudson's Bay selling Lord & Taylor for $100 million to Le Tote. The deal gives HBC a way to divest operations of the struggling chain while holding onto the more valuable asset — the real estate,2019-08-28,0
51,51,"{'id': 'fp-bloomberg-news', 'name': 'Bloomberg News From FP'}",Alberta loosens oil curbs by exempting new conventional wells in hopes it will spur drilling and create jobs. Allowing more non oilsands output could have an outsized effect on employment without resulting in too much additional output,2019-11-08,1
2,2,"{'id': 'fp-bloomberg-news', 'name': 'Bloomberg News From FP'}",Fed’s Jerome Powell warns coronavirus could do lasting damage to economy; policy makers will need to do more. The Fed chair in his speech outlined the worrying scenario posed by mass bankruptcies and unemployment,2020-05-13,-1
61,61,"{'id': 'fp-bloomberg-news', 'name': 'Bloomberg News From FP'}","GM strike ripples across the economy, raising new recession fears. The strike has chopped US$400 million in direct wages out of the U.S. economy, with half of that loss coming in Michigan",2019-10-07,-1
49,49,CBC,Nova Scotia eyes ride sharing to ease rural transportation woes. Province plans to put $250K into ride-sharing projects in up to 3 rural areas,2019-11-19,1
88,88,"{'id': 'fp-bloomberg-news', 'name': 'Bloomberg News From FP'}","Biggest refinery on U.S. East Coast set to close after huge explosion, driving up fuel prices. The loss of the refinery will likely increase the region's dependence on supplies from Canada, Europe and the Gulf Coast",2019-06-26,0
37,37,"{'id': 'fp-bloomberg-news', 'name': 'Bloomberg News From FP'}","Taco Bell is so desperate for workers it's offering $100,000 salaries. Amid an increasingly tough U.S. labour market, the company is betting a higher salary will help it attract workers and keep them on the team",2020-01-09,1
34,34,CBC,University of Waterloo's RoboHub to be featured in YouTube AI series. RoboHub is a robotics incubator that provides researchers with expertise and equipment,2020-01-24,0
