,Unnamed: 0,source,title_desc,publishedAt,title_desc_sent_1
78,78,CBC,It's been 2 years since the B.C. NDP formed government. How is it faring?. Housing policies have been aggressive and climate change is a let-down to voters,2019-07-19,0
114,114,"{'id': 'fp-bloomberg-news', 'name': 'Bloomberg News From FP'}","Sidewalk Labs' latest pitch to win over skeptical Toronto: Help for housing gridlock. 'We're making an unprecedented commitment here to below-market housing. Our approach here ensures a truly mixed-income community,' exec says",2018-11-30,-1
113,113,"{'id': 'fp-bloomberg-news', 'name': 'Bloomberg News From FP'}","Mortgage rules now 'overkill' that are hitting millennials particularly hard, home builders say. Canada's home builders are urging the federal government to relax the mortgage rules that have succeeded in cooling the housing market",2018-11-30,-1
79,79,CBC,Canadian and U.S. economies are converging but danger lurks: Don Pittis. Poloz and Wilkins warn that markets overestimate the power of a rate-cut quick fix,2019-07-11,-1
1,1,"{'id': 'fp-bloomberg-news', 'name': 'Bloomberg News From FP'}",Fiera Capital Limits Redemptions on $1.1 Billion Credit Fund. (Bloomberg) — One of Canada’s biggest money managers is freezing redemptions in a large debt fund and warning that some borrowers may miss interest payments.,2020-05-05,0
95,95,"{'id': 'fp-bloomberg-news', 'name': 'Bloomberg News From FP'}","Vancouver’s dirty money figures: The smoking gun that wasn’t. A closer reading of the studies show there's little hard evidence of actual money laundering, and even then, the amounts could be much smaller",2019-05-16,1
106,106,"{'id': 'fp-bloomberg-news', 'name': 'Bloomberg News From FP'}","Mortgage growth, the bread and butter of Canadian banks, has shrunk to 17-year low. Investors urged to ‘recalibrate’ their expectations to what is arguably one of the most important trends in the industry in years",2019-02-05,-1
23,23,"{'id': 'fp-bloomberg-news', 'name': 'Bloomberg News From FP'}",Vancouver’s 1 per cent face hefty tax hike as B.C. seeks to quell outrage over the sky-high cost of living. Vancouver is one of the continent's most unaffordable housing markets with San Francisco-like home prices on Omaha-level incomes,2020-02-18,-1
71,71,"{'id': 'fp-bloomberg-news', 'name': 'Bloomberg News From FP'}","Canadian housing starts decline 9.6% in July on multi-unit drop. But 'residential construction activity remains rock solid,' BMO economist says",2019-08-09,-1
88,88,CBC,Metro Vancouver housing sales remain sluggish in May. Latest report shows property sales 23 per cent below 10-year average,2019-06-05,-1
67,67,CBC,Government says new Victoria micro-apartments will help with middle-income housing crisis. Housing advocates say the project still doesn't address the growing need for middle-income family housing,2019-08-21,1
19,19,CBC,"We are not in a crisis': New N.W.T. government delivers $1.9B budget. Fiscal situation is 'not what was hoped in the last budget but it is manageable,' says finance minister",2020-02-28,1
74,74,"{'id': 'fp-bloomberg-news', 'name': 'Bloomberg News From FP'}","With the Bank of Canada on hold, watch our $2.19 trillion household debt load grow. Spending on big ticket items is about to resume, says strategist",2019-07-26,0
9,9,"{'id': 'fp-bloomberg-news', 'name': 'Bloomberg News From FP'}","'This is freezing the market': Once roaring, Canadian home sales brace for 30% drop from coronavirus. Real estate listings are drying up, open houses have been cancelled, and buyers are staying home",2020-04-02,-1
100,100,"{'id': 'fp-bloomberg-news', 'name': 'Bloomberg News From FP'}","In Vancouver, college kids live like kings in empty mansions: Stories from a real estate market in upheaval. It's a new world for Vancouver's housing market, where Chinese investors are decamping and low-ball offers are the norm",2019-04-16,-1
72,72,CBC,"Hot housing market in K-W matched hot temperatures in July, realtors say. Townhouse sales saw a particularly sharp increase of 45.1 per cent over July 2018",2019-08-07,1
80,80,CBC,Stratford accepting applications for affordable housing project. 35 units will available priced at 80 per cent of the local average market rent,2019-07-06,1
97,97,"{'id': 'fp-bloomberg-news', 'name': 'Bloomberg News From FP'}","Toronto housing market starts buying season with a bang, sales up 17%. Average selling price climbs 1.9% to $820,148",2019-05-06,1
69,69,CBC,"You aren't allowed to live in your RV year round, regional district warns. People are doing things like installing wood-burning stoves ... they're really moving in'",2019-08-15,0
32,32,CBC,"Toronto home sales jump 17.4% in December, average price up 12%. Condos saw the biggest price gains through 2019",2020-01-07,1
35,35,CBC,Are 2020's tax changes 'significant' or 'a wash'?. Liberals' promised tax cut may help 20 million Canadians - but only a little,2019-12-31,0
13,13,"{'id': 'fp-bloomberg-news', 'name': 'Bloomberg News From FP'}","Canada ramps up asset buying to backstop coronavirus-slammed economy. CMHC announced Thursday it will buy up to $150 billion of mortgages from banks, triple the amount announced two weeks ago",2020-03-26,-1
93,93,CBC,"Thousands join effort to stop international student from being deported for 'working too hard,' he says. Jobandeep Singh Sandhu says he had no choice but to work extra hours to pay for his program",2019-05-24,0
115,115,"{'id': 'fp-bloomberg-news', 'name': 'Bloomberg News From FP'}",Millennials are no different from their baby boomer parents — they're just poorer. A Federal Reserve paper says there's little evidence millennials have different tastes when it comes to what they spend their money on,2018-11-29,-1
43,43,CBC,"Hamilton-Burlington average home price to rise 3.8 per cent in 2020, ReMax estimates. Compared to a 3.7 per cent national increase for the average home price",2019-11-27,1
109,109,"{'id': 'fp-bloomberg-news', 'name': 'Bloomberg News From FP'}","Canadian stocks just suffered the worst year in a decade, but analysts say the future looks brighter. Many Canadian equity strategists are predicting double-digit gains for 2019",2019-01-02,0
58,58,CBC,"Higher home prices, higher debt levels and how they affect our choices. What do booming housing markets mean for Canadian communities?",2019-09-28,1
112,112,"{'id': 'fp-bloomberg-news', 'name': 'Bloomberg News From FP'}","Toronto housing sales fall the most in eight months, but prices stay steady. New listings down 26%",2018-12-05,-1
28,28,CBC,"This paramedic commutes 6 hours to work in Vancouver because he can't afford to live there. Metro Vancouver's affordability crisis pushing professionals out to homes in Okanagan, Vancouver Island",2020-01-17,-1
62,62,CBC,"Biden clashes with Warren, Sanders on health care in 3rd Democratic debate. Candidates pare back some of the bickering that marked 2 earlier debates",2019-09-13,0
7,7,CBC,COVID-19 expected to bring unemployment of 5% to 85% in some areas — what does that mean for Canada?. Some provinces are more vulnerable to the economic shock of the pandemic than others,2020-04-09,-1
40,40,"{'id': 'fp-bloomberg-news', 'name': 'Bloomberg News From FP'}",Toronto home prices grow at fastest pace in two years. Realtors are cautioning values could continue rising given the dearth of listings and supply,2019-12-04,1
86,86,"{'id': 'fp-bloomberg-news', 'name': 'Bloomberg News From FP'}","Another misstep as B.C. fails to prove this tycoon's idyllic estate was bought with embezzled money. Salt Spring Island laundering claim by B.C. government had tenuous link to the Indian owner, who had purchased years before alleged crime",2019-06-10,-1
18,18,CBC,"Montreal tenants are swapping apartments to avoid rising rents. Trading leases is perfectly legal, but landlords must sign off on the swap",2020-02-29,1
77,77,CBC,"THC slushies, pirate radio and the cannabis-driven boom in a Mohawk community. Renovation and construction dot Tyendinaga Mohawk Territory in Ontario, much of it fuelled by marijuana",2019-07-21,0
10,10,CBC,"What to do when rent is due? Tenants, landlords face uncertainty amid COVID-19 outbreak. COVID-19 outbreak leaves both tenants, landlords in precarious financial situation",2020-03-31,-1
82,82,"{'id': 'fp-bloomberg-news', 'name': 'Bloomberg News From FP'}","Oxford Properties Group is planning one of Canada's biggest real estate projects in Toronto. Plans call for two office towers, of 58 and 48 stories, about 800 rental apartments across two buildings and 200,000 square feet for retail",2019-06-26,1
83,83,CBC,"We're anxious to get it in the ground': Pipe yards fill ahead of federal decision on Trans Mountain expansion. Trains, trucks deliver pipes to Alberta and B.C. for delayed pipeline project",2019-06-17,0
48,48,CBC,Vancouver mayor calls massive First Nation development a 'gift to the city'. Squamish Nation plans to build 11 housing towers on reserve land in the heart of the city,2019-11-08,0
107,107,"{'id': 'fp-bloomberg-news', 'name': 'Bloomberg News From FP'}",Doug Ford’s fix for Toronto's housing crisis is easy: Just build more homes. Supply side measures that include removing red tape to get more homes built more quickly are seen as a better way to get the affordability in check,2019-01-28,-1
101,101,"{'id': 'fp-bloomberg-news', 'name': 'Bloomberg News From FP'}","No quick exit to our economy’s slow patch seen as today's retail sales and inflation numbers disappoint. Retail sales were the big disappointment, underscoring a broader trend of slowing consumption by households",2019-03-22,-1
66,66,CBC,"Federal NDP leader Singh makes stop in Edmonton, party's lone Alberta riding. Edmonton-Strathcona is the lone riding for the federal NDP",2019-08-25,0
31,31,BNN Bloomberg,"Montreal home sales jump 26% in December to end ‘exceptional year’. The Montreal area housing market continued to heat up in the last month of 2019, as sales and prices marched higher.",2020-01-08,1
64,64,CBC,"Small space, big impact: Tiny homes could soon be coming to Edmonton properties. It would bring life to an area that is usually not utilized'",2019-09-06,-1
94,94,CBC,"How the city of Cambridge hopes to pay for more affordable housing. Current wait times for affordable units are lengthy, says Housing Cambridge GM",2019-05-21,1
63,63,BNN Bloomberg,"Trudeau promises new speculation tax on foreign buyers if re-elected. Liberal Party Leader Justin Trudeau said if re-elected his government would introduce new measures aimed at improving housing affordability, which would include a federal speculation tax on non-residents.",2019-09-12,-1
105,105,"{'id': 'fp-bloomberg-news', 'name': 'Bloomberg News From FP'}",Montreal poised to overtake Vancouver as Canada’s second largest housing market. January saw home sales in Montreal climb the fastest in a decade as lower prices and a booming economy lured buyers,2019-02-19,1
56,56,"{'id': 'fp-bloomberg-news', 'name': 'Bloomberg News From FP'}",Liberals face tough battle over wallets in key part of Ontario that will decide Trudeau's fate. The sprawling suburbs around Toronto the Liberals swept in 2015 are turning to the Conservatives as the cost of living soars,2019-10-09,1
96,96,"{'id': 'fp-bloomberg-news', 'name': 'Bloomberg News From FP'}","How Vancouver became the world’s 'laundromat for foreign organized crime’. From Vancouver penthouses to Whistler chalets, $7 billion in dirty money was funnelled through the province last year",2019-05-10,-1
90,90,CBC,Why the Fiat Chrysler-Renault merger proposal is more shotgun wedding than fairy-tale romance. Newsletter: A closer look at the day's most notable stories,2019-05-27,0
75,75,"{'id': 'fp-bloomberg-news', 'name': 'Bloomberg News From FP'}",Royal Bank CEO says housing market now ‘well-balanced’ but stress test could be tweaked. ‘I wouldn't want to see some markets cool a lot more than they have’,2019-07-25,0
87,87,"{'id': 'fp-bloomberg-news', 'name': 'Bloomberg News From FP'}",Three reasons Canadians will feel the pain of the next recession more than Americans. Signs that financial strains are higher here in Canada,2019-06-10,0
73,73,"{'id': 'fp-bloomberg-news', 'name': 'Bloomberg News From FP'}","Toronto home sales jump 24%, prices climb amid housing supply crunch. The benchmark price rose 4.4 per cent to $800,900, largely driven by gains in the condo segment",2019-08-06,1
50,50,CBC,"What a Liberal minority government means to Vancouver real estate. Provincial, municipal policy will have a more direct effect",2019-10-27,0
76,76,"{'id': 'fp-bloomberg-news', 'name': 'Bloomberg News From FP'}",Royal Bank CEO says housing market now ‘well-balanced’ but stress test could be tweaked. ‘I wouldn't want to see some markets cool a lot more than they have’,2019-07-25,0
45,45,CBC,"Thesis project shares stories of older women in insecure housing. One woman actually said ... my expiry date has come and gone,' says researcher",2019-11-18,0
55,55,"{'id': 'fp-bloomberg-news', 'name': 'Bloomberg News From FP'}",From binge to bust: A Canadian oil town lines up at the food bank. Fort McMurray has become a showcase for the debt troubles many Canadians are facing,2019-10-11,0
84,84,CBC,"As Montreal families desperately hunt for affordable housing, advocates warn of looming crisis. New rules for developers will come into effect in 2 years, but new homes can't be built fast enough for some",2019-06-15,1
68,68,CBC,"Home sales climb higher in July, Canadian Real Estate Association reports. Sales up in most large markets, including Calgary, Edmonton, Toronto, Montreal, B.C. Lower Mainland",2019-08-15,1
4,4,CBC,"Home sales fell 14% in March as COVID-19 settled in, CREA says. Average selling price basically unchanged from February, but sales were way down",2020-04-15,-1
111,111,"{'id': 'fp-bloomberg-news', 'name': 'Bloomberg News From FP'}","Higher interest rates pushing more Canadians to seek debt relief as business booms for insolvency trustees. Record debt burdens, rising borrowing costs and, in some cases, bigger payday loans are driving many Canadians to insolvency",2018-12-20,-1
47,47,CBC,"She fled domestic abuse. Now she and her daughter are victims of the housing crisis. Shelters are full, wait lists are long and market rents are too high for most single mothers",2019-11-12,1
5,5,CBC,What it's like being 30 and going through the 3rd recession of your adult life. Millennials who coped with previous economic downturns share tips on surviving,2020-04-14,-1
51,51,CBC,"Wood Buffalo council will lobby province over condo insurance crisis. Some condo owners forced to pay $6,000 more each year for insurance",2019-10-25,1
98,98,"{'id': 'fp-bloomberg-news', 'name': 'Bloomberg News From FP'}","Canada’s economy unexpectedly shrinks as resource sector stalls. Falling resource production was the main culprit, with the mining and oil and gas sector down 1.6% — its sixth consecutive drop",2019-04-30,0
52,52,CBC,Paying for healthy food and rent 'absolutely impossible' for many in K-W. Nutritious food basket survey calculates cost of healthy food in region,2019-10-18,0
46,46,"{'id': 'fp-bloomberg-news', 'name': 'Bloomberg News From FP'}",Crackdown on dirty money in Vancouver real estate continues with creation of new watchdog. British Columbia to introduce legislation late next year that would establish a joint financial-services and real estate watchdog by spring 2021,2019-11-12,-1
85,85,CBC,"Why Canadians find saving so hard — and how to get better at it ASAP. A new study says we’re particularly bad at saving, so we enlisted an expert for help",2019-06-12,0
53,53,CBC,"Advocate slams 'outrageous' Tarion executive salaries, calls for cap. Newly released documents show Tarion CEO made $769K in 2018",2019-10-16,0
29,29,Bloomberg News,"Dwindling Toronto supply drags Canadian home sales lower. Canadian home sales dropped in December, but prices continued to rise as demand outstripped a dwindling supply of units available for purchase, particularly in Toronto.",2020-01-15,1
108,108,"{'id': 'fp-bloomberg-news', 'name': 'Bloomberg News From FP'}",More people are going broke in Canada as interest rates rise. It's a worrying sign for an economy that has relied so heavily on consumer spending and the housing market to drive growth,2019-01-08,-1
