,description,publishedAt,title,title_desc_sent_1,title_desc
5,Millennials who coped with previous economic downturns share tips on surviving,2020-04-14,What it's like being 30 and going through the 3rd recession of your adult life,-1,What it's like being 30 and going through the 3rd recession of your adult life. Millennials who coped with previous economic downturns share tips on surviving
100,"It's a new world for Vancouver's housing market, where Chinese investors are decamping and low-ball offers are the norm",2019-04-16,"In Vancouver, college kids live like kings in empty mansions: Stories from a real estate market in upheaval",-1,"In Vancouver, college kids live like kings in empty mansions: Stories from a real estate market in upheaval. It's a new world for Vancouver's housing market, where Chinese investors are decamping and low-ball offers are the norm"
91,"Move to towns near secondary cities is growing in popularity, real estate agents say",2019-05-26,Homebuyers escape high housing costs by relocating to secondary cities,1,"Homebuyers escape high housing costs by relocating to secondary cities. Move to towns near secondary cities is growing in popularity, real estate agents say"
63,"Liberal Party Leader Justin Trudeau said if re-elected his government would introduce new measures aimed at improving housing affordability, which would include a federal speculation tax on non-residents.",2019-09-12,Trudeau promises new speculation tax on foreign buyers if re-elected,-1,"Trudeau promises new speculation tax on foreign buyers if re-elected. Liberal Party Leader Justin Trudeau said if re-elected his government would introduce new measures aimed at improving housing affordability, which would include a federal speculation tax on non-residents."
109,Many Canadian equity strategists are predicting double-digit gains for 2019,2019-01-02,"Canadian stocks just suffered the worst year in a decade, but analysts say the future looks brighter",0,"Canadian stocks just suffered the worst year in a decade, but analysts say the future looks brighter. Many Canadian equity strategists are predicting double-digit gains for 2019"
7,Some provinces are more vulnerable to the economic shock of the pandemic than others,2020-04-09,COVID-19 expected to bring unemployment of 5% to 85% in some areas — what does that mean for Canada?,-1,COVID-19 expected to bring unemployment of 5% to 85% in some areas — what does that mean for Canada?. Some provinces are more vulnerable to the economic shock of the pandemic than others
80,35 units will available priced at 80 per cent of the local average market rent,2019-07-06,Stratford accepting applications for affordable housing project,1,Stratford accepting applications for affordable housing project. 35 units will available priced at 80 per cent of the local average market rent
25,Canadian builders began 2020 with a strong rebound in housing starts that is good news for the nation’s increasingly tight real estate markets.,2020-02-10,Condo gains push Canadian housing starts to a 4-month high,1,Condo gains push Canadian housing starts to a 4-month high. Canadian builders began 2020 with a strong rebound in housing starts that is good news for the nation’s increasingly tight real estate markets.
14,"33.5% of Canadians live in multi-family dwellings, according to the 2016 census",2020-03-26,Social distancing is important. But what if you live in an apartment tower with shared spaces?,0,"Social distancing is important. But what if you live in an apartment tower with shared spaces?. 33.5% of Canadians live in multi-family dwellings, according to the 2016 census"
49,Investors who bet on the equity version of real estate see massive returns,2019-11-07,"If you thought Toronto real estate was the best way to get rich, you'd be wrong — stocks have done better",1,"If you thought Toronto real estate was the best way to get rich, you'd be wrong — stocks have done better. Investors who bet on the equity version of real estate see massive returns"
63,"Liberal Party Leader Justin Trudeau said if re-elected his government would introduce new measures aimed at improving housing affordability, which would include a federal speculation tax on non-residents.",2019-09-12,Trudeau promises new speculation tax on foreign buyers if re-elected,-1,"Trudeau promises new speculation tax on foreign buyers if re-elected. Liberal Party Leader Justin Trudeau said if re-elected his government would introduce new measures aimed at improving housing affordability, which would include a federal speculation tax on non-residents."
49,Investors who bet on the equity version of real estate see massive returns,2019-11-07,"If you thought Toronto real estate was the best way to get rich, you'd be wrong — stocks have done better",1,"If you thought Toronto real estate was the best way to get rich, you'd be wrong — stocks have done better. Investors who bet on the equity version of real estate see massive returns"
114,"'We're making an unprecedented commitment here to below-market housing. Our approach here ensures a truly mixed-income community,' exec says",2018-11-30,Sidewalk Labs' latest pitch to win over skeptical Toronto: Help for housing gridlock,-1,"Sidewalk Labs' latest pitch to win over skeptical Toronto: Help for housing gridlock. 'We're making an unprecedented commitment here to below-market housing. Our approach here ensures a truly mixed-income community,' exec says"
32,Condos saw the biggest price gains through 2019,2020-01-07,"Toronto home sales jump 17.4% in December, average price up 12%",1,"Toronto home sales jump 17.4% in December, average price up 12%. Condos saw the biggest price gains through 2019"
102,"Help for first-time homebuyers doesn't come into effect until the fall, meaning some might hold off on jumping into real estate until they can take advantage",2019-03-21,Trudeau's new housing measures could end up crushing sales in an already depressed market,-1,"Trudeau's new housing measures could end up crushing sales in an already depressed market. Help for first-time homebuyers doesn't come into effect until the fall, meaning some might hold off on jumping into real estate until they can take advantage"
16,This includes $27 billion in direct support for individuals and companies and $55 billion in tax deferrals for both households and businesses,2020-03-17,Trudeau unveils financial aid worth $82 billion to help Canadians weather coronavirus,0,Trudeau unveils financial aid worth $82 billion to help Canadians weather coronavirus. This includes $27 billion in direct support for individuals and companies and $55 billion in tax deferrals for both households and businesses
34,Liberals' promised tax cut may help 20 million Canadians - but only a little,2019-12-31,Are 2020's tax changes 'significant' or 'a wash'?,0,Are 2020's tax changes 'significant' or 'a wash'?. Liberals' promised tax cut may help 20 million Canadians - but only a little
76,‘I wouldn't want to see some markets cool a lot more than they have’,2019-07-25,Royal Bank CEO says housing market now ‘well-balanced’ but stress test could be tweaked,0,Royal Bank CEO says housing market now ‘well-balanced’ but stress test could be tweaked. ‘I wouldn't want to see some markets cool a lot more than they have’
112,New listings down 26%,2018-12-05,"Toronto housing sales fall the most in eight months, but prices stay steady",-1,"Toronto housing sales fall the most in eight months, but prices stay steady. New listings down 26%"
6,"In a lot of aspects ... it’s money that we’re not taking in,' said N.W.T. Finance Minister Caroline Wawzonek",2020-04-09,Where is the N.W.T.'s $21.5M COVID-19 relief package coming from?,0,"Where is the N.W.T.'s $21.5M COVID-19 relief package coming from?. In a lot of aspects ... it’s money that we’re not taking in,' said N.W.T. Finance Minister Caroline Wawzonek"
108,It's a worrying sign for an economy that has relied so heavily on consumer spending and the housing market to drive growth,2019-01-08,More people are going broke in Canada as interest rates rise,-1,More people are going broke in Canada as interest rates rise. It's a worrying sign for an economy that has relied so heavily on consumer spending and the housing market to drive growth
66,Edmonton-Strathcona is the lone riding for the federal NDP,2019-08-25,"Federal NDP leader Singh makes stop in Edmonton, party's lone Alberta riding",0,"Federal NDP leader Singh makes stop in Edmonton, party's lone Alberta riding. Edmonton-Strathcona is the lone riding for the federal NDP"
92,"Bill 108 meant to spur new homes, but Ottawa sees 'one-size-fits-all' solution",2019-05-24,"Housing bill threatens funds for parks and rec, city fears",0,"Housing bill threatens funds for parks and rec, city fears. Bill 108 meant to spur new homes, but Ottawa sees 'one-size-fits-all' solution"
32,Condos saw the biggest price gains through 2019,2020-01-07,"Toronto home sales jump 17.4% in December, average price up 12%",1,"Toronto home sales jump 17.4% in December, average price up 12%. Condos saw the biggest price gains through 2019"
41,170 housing units sat empty for years after the Faro mine closed in 1997,2019-12-03,Faro's abandoned homes have all been sold,1,Faro's abandoned homes have all been sold. 170 housing units sat empty for years after the Faro mine closed in 1997
94,"Current wait times for affordable units are lengthy, says Housing Cambridge GM",2019-05-21,How the city of Cambridge hopes to pay for more affordable housing,1,"How the city of Cambridge hopes to pay for more affordable housing. Current wait times for affordable units are lengthy, says Housing Cambridge GM"
89,"Parking during peak times will cost $3 an hour during the summer, $2 an hour the rest of the year",2019-06-01,New parking fees come into effect this weekend on Granville Island,0,"New parking fees come into effect this weekend on Granville Island. Parking during peak times will cost $3 an hour during the summer, $2 an hour the rest of the year"
37,Michelle Paquette cares for 5 children; 2 have disabilities,2019-12-13,A mother should never ever have to be put in this position': Chilliwack mom on brink of homelessness,0,A mother should never ever have to be put in this position': Chilliwack mom on brink of homelessness. Michelle Paquette cares for 5 children; 2 have disabilities
38,"Some are angry, others are optimistic — but there's no shortage of opinion",2019-12-07,The day after the deal: How do Calgarians feel about funding a new arena?,0,"The day after the deal: How do Calgarians feel about funding a new arena?. Some are angry, others are optimistic — but there's no shortage of opinion"
23,Vancouver is one of the continent's most unaffordable housing markets with San Francisco-like home prices on Omaha-level incomes,2020-02-18,Vancouver’s 1 per cent face hefty tax hike as B.C. seeks to quell outrage over the sky-high cost of living,-1,Vancouver’s 1 per cent face hefty tax hike as B.C. seeks to quell outrage over the sky-high cost of living. Vancouver is one of the continent's most unaffordable housing markets with San Francisco-like home prices on Omaha-level incomes
3,Canadian housing once seemed so infallible that the head of the world’s biggest asset manager in 2015 described Vancouver condos as a better store of wealth than gold.,2020-04-15,"Once safer than gold, Canadian real estate braces for reckoning",-1,"Once safer than gold, Canadian real estate braces for reckoning. Canadian housing once seemed so infallible that the head of the world’s biggest asset manager in 2015 described Vancouver condos as a better store of wealth than gold."
84,"New rules for developers will come into effect in 2 years, but new homes can't be built fast enough for some",2019-06-15,"As Montreal families desperately hunt for affordable housing, advocates warn of looming crisis",1,"As Montreal families desperately hunt for affordable housing, advocates warn of looming crisis. New rules for developers will come into effect in 2 years, but new homes can't be built fast enough for some"
81,"Mayor John Tory says 11 sites already identified for conversion to affordable housing, report coming this fall",2019-07-04,Anti-poverty group wants vacant downtown properties turned into affordable housing,1,"Anti-poverty group wants vacant downtown properties turned into affordable housing. Mayor John Tory says 11 sites already identified for conversion to affordable housing, report coming this fall"
112,New listings down 26%,2018-12-05,"Toronto housing sales fall the most in eight months, but prices stay steady",-1,"Toronto housing sales fall the most in eight months, but prices stay steady. New listings down 26%"
46,British Columbia to introduce legislation late next year that would establish a joint financial-services and real estate watchdog by spring 2021,2019-11-12,Crackdown on dirty money in Vancouver real estate continues with creation of new watchdog,-1,Crackdown on dirty money in Vancouver real estate continues with creation of new watchdog. British Columbia to introduce legislation late next year that would establish a joint financial-services and real estate watchdog by spring 2021
86,"Salt Spring Island laundering claim by B.C. government had tenuous link to the Indian owner, who had purchased years before alleged crime",2019-06-10,Another misstep as B.C. fails to prove this tycoon's idyllic estate was bought with embezzled money,-1,"Another misstep as B.C. fails to prove this tycoon's idyllic estate was bought with embezzled money. Salt Spring Island laundering claim by B.C. government had tenuous link to the Indian owner, who had purchased years before alleged crime"
