,description,publishedAt,title,title_desc_sent_1,title_desc
76,Quebec banks require a two per cent minimum payment and more provinces could follow suit,2019-08-04,Why increasing minimum credit card payments could be beneficial,1,Why increasing minimum credit card payments could be beneficial. Quebec banks require a two per cent minimum payment and more provinces could follow suit
82,The city will petition Transport Canada to prohibit water vessels within 30 metres of the shoreline,2019-07-10,Windsor pursuing motorized watercraft ban along shoreline,0,Windsor pursuing motorized watercraft ban along shoreline. The city will petition Transport Canada to prohibit water vessels within 30 metres of the shoreline
1,Central bank says number of people falling behind on mortgages could almost quadruple,2020-05-14,"Mortgage arrears rate could spike to double what it was in 2009, Bank of Canada says",-1,"Mortgage arrears rate could spike to double what it was in 2009, Bank of Canada says. Central bank says number of people falling behind on mortgages could almost quadruple"
74,Traders are adding to bets the Bank of Canada will 'roll over' and cut interest rates,2019-08-06,Canadian yield curve inversion dives to deepest level since 2000,-1,Canadian yield curve inversion dives to deepest level since 2000. Traders are adding to bets the Bank of Canada will 'roll over' and cut interest rates
94,Most analysts predict rates won't rise again until next year at the earliest,2019-05-28,Bank of Canada set to keep rates on hold today — and won't hike until at least after the election,0,Bank of Canada set to keep rates on hold today — and won't hike until at least after the election. Most analysts predict rates won't rise again until next year at the earliest
78,"Canada's economy is doing fine, but central banks headed in different directions likely to be driver of dollar",2019-07-31,Up or down? Currency watchers split on which way the dollar is headed,0,"Up or down? Currency watchers split on which way the dollar is headed. Canada's economy is doing fine, but central banks headed in different directions likely to be driver of dollar"
13,"Airline lobby group warns that, without aid, companies will fold and thousands more will be laid off",2020-04-01,"Canada's airline, tourism sectors facing 'catastrophic' decline due to COVID-19 pandemic",-1,"Canada's airline, tourism sectors facing 'catastrophic' decline due to COVID-19 pandemic. Airline lobby group warns that, without aid, companies will fold and thousands more will be laid off"
99,Policy makers gathered for IMF meeting worry about central bank independence ‘in the most important jurisdiction in the world’,2019-04-15,"Trump is slamming the Fed again, saying stocks should be 5,000-10,000 higher",-1,"Trump is slamming the Fed again, saying stocks should be 5,000-10,000 higher. Policy makers gathered for IMF meeting worry about central bank independence ‘in the most important jurisdiction in the world’"
15,The Bank of England cut interest rates to a record-low 0.1 per cent and added 200 billion pounds (US$230 billion) to its asset-purchase program in its latest emergency action to mitigate the economic impact of the coronavirus pandemic.,2020-03-19,BOE cuts rate in second emergency move to combat virus shock,-1,BOE cuts rate in second emergency move to combat virus shock. The Bank of England cut interest rates to a record-low 0.1 per cent and added 200 billion pounds (US$230 billion) to its asset-purchase program in its latest emergency action to mitigate the economic impact of the coronavirus pandemic.
49,Improvement in economic data seemingly reduces the risks of a recession in the near term,2019-11-27,"U.S. reports on GDP, consumer spending remain positive",1,"U.S. reports on GDP, consumer spending remain positive. Improvement in economic data seemingly reduces the risks of a recession in the near term"
50,Losses of $10.9 million were subsidized by a Crown corporation's earnings,2019-11-20,"Trans Mountain received $320M in government subsidies in 2019, report finds",1,"Trans Mountain received $320M in government subsidies in 2019, report finds. Losses of $10.9 million were subsidized by a Crown corporation's earnings"
31,Stakeholders make final arguments for and against $92M plan before EUB,2020-01-22,NB Power's smart meter plan gets major boost with critical endorsements,0,NB Power's smart meter plan gets major boost with critical endorsements. Stakeholders make final arguments for and against $92M plan before EUB
56,"Federal Reserve officials will signal they’re likely to take a break from cutting interest rates after lowering them again next week, according to a majority of economists surveyed by Bloomberg.",2019-10-25,U.S. Fed seen cutting rates next week and then hitting pause button,-1,"U.S. Fed seen cutting rates next week and then hitting pause button. Federal Reserve officials will signal they’re likely to take a break from cutting interest rates after lowering them again next week, according to a majority of economists surveyed by Bloomberg."
76,Quebec banks require a two per cent minimum payment and more provinces could follow suit,2019-08-04,Why increasing minimum credit card payments could be beneficial,1,Why increasing minimum credit card payments could be beneficial. Quebec banks require a two per cent minimum payment and more provinces could follow suit
3,"(Bloomberg) — HSBC Holdings Plc, one of the largest players in the gold market, was caught out in March as lockdowns disrupted physical shipments of bullion and caused prices to ...",2020-05-06,HSBC Reveals It Was Caught Out as Lockdowns Snarled Gold Market,0,"HSBC Reveals It Was Caught Out as Lockdowns Snarled Gold Market. (Bloomberg) — HSBC Holdings Plc, one of the largest players in the gold market, was caught out in March as lockdowns disrupted physical shipments of bullion and caused prices to ..."
54,Rebound predicted after low 2019 numbers,2019-10-25,CMHC predicts moderate Sask. housing market rebound in next year,1,CMHC predicts moderate Sask. housing market rebound in next year. Rebound predicted after low 2019 numbers
50,Losses of $10.9 million were subsidized by a Crown corporation's earnings,2019-11-20,"Trans Mountain received $320M in government subsidies in 2019, report finds",1,"Trans Mountain received $320M in government subsidies in 2019, report finds. Losses of $10.9 million were subsidized by a Crown corporation's earnings"
87,"Global trade tensions, weakness in oilpatch still hang over Canadian outlook",2019-06-28,Business sentiment improves after downturn early in year,1,"Business sentiment improves after downturn early in year. Global trade tensions, weakness in oilpatch still hang over Canadian outlook"
61,It's nothing that a senior can really afford',2019-10-02,"Rents have just gone sky high': Cardigan candidates, voters weigh in on housing crisis",1,"Rents have just gone sky high': Cardigan candidates, voters weigh in on housing crisis. It's nothing that a senior can really afford'"
5,"The minister of education is not the boss of the council of commissioners,' QESBA says",2020-05-04,"English schools want flexibility about when to reopen, but Quebec government says no",0,"English schools want flexibility about when to reopen, but Quebec government says no. The minister of education is not the boss of the council of commissioners,' QESBA says"
61,It's nothing that a senior can really afford',2019-10-02,"Rents have just gone sky high': Cardigan candidates, voters weigh in on housing crisis",1,"Rents have just gone sky high': Cardigan candidates, voters weigh in on housing crisis. It's nothing that a senior can really afford'"
5,"The minister of education is not the boss of the council of commissioners,' QESBA says",2020-05-04,"English schools want flexibility about when to reopen, but Quebec government says no",0,"English schools want flexibility about when to reopen, but Quebec government says no. The minister of education is not the boss of the council of commissioners,' QESBA says"
16,"When stock markets go down by 7%, automatic trading halts kick in to calm the situation",2020-03-16,TSX and Dow Jones lose another 10% as coronavirus sell-off continues,-1,"TSX and Dow Jones lose another 10% as coronavirus sell-off continues. When stock markets go down by 7%, automatic trading halts kick in to calm the situation"
51,"For the first time this year, the Canadian economy is coming in below analyst expectations, according to a closely watched gauge of economic surprises.",2019-11-19,Resilient growth in Canada just got a fresh warning signal,-1,"Resilient growth in Canada just got a fresh warning signal. For the first time this year, the Canadian economy is coming in below analyst expectations, according to a closely watched gauge of economic surprises."
22,Former U.S. Federal Reserve governor ​Kevin Warsh is making the case for the U.S. central bank to lead coordinated interest rate cuts in order to support the global economy amid the rapid spread of coronavirus.,2020-02-27,Ex-Fed official urges coordinated rate cuts as virus spreads,-1,Ex-Fed official urges coordinated rate cuts as virus spreads. Former U.S. Federal Reserve governor ​Kevin Warsh is making the case for the U.S. central bank to lead coordinated interest rate cuts in order to support the global economy amid the rapid spread of coronavirus.
93,Trump's effort to reorient the U.S.'s place in world trade could end up being much more costly than most people think,2019-06-03,Donald Trump's trade war has already cost investors up to $7 trillion,0,Donald Trump's trade war has already cost investors up to $7 trillion. Trump's effort to reorient the U.S.'s place in world trade could end up being much more costly than most people think
15,The Bank of England cut interest rates to a record-low 0.1 per cent and added 200 billion pounds (US$230 billion) to its asset-purchase program in its latest emergency action to mitigate the economic impact of the coronavirus pandemic.,2020-03-19,BOE cuts rate in second emergency move to combat virus shock,-1,BOE cuts rate in second emergency move to combat virus shock. The Bank of England cut interest rates to a record-low 0.1 per cent and added 200 billion pounds (US$230 billion) to its asset-purchase program in its latest emergency action to mitigate the economic impact of the coronavirus pandemic.
92,Mortgage backed securities would be a good way for lenders to hedge their residential real estate exposure,2019-06-05,The same type of debt blamed in the U.S. credit crisis could help Canada with housing risk,0,The same type of debt blamed in the U.S. credit crisis could help Canada with housing risk. Mortgage backed securities would be a good way for lenders to hedge their residential real estate exposure
49,Improvement in economic data seemingly reduces the risks of a recession in the near term,2019-11-27,"U.S. reports on GDP, consumer spending remain positive",1,"U.S. reports on GDP, consumer spending remain positive. Improvement in economic data seemingly reduces the risks of a recession in the near term"
87,"Global trade tensions, weakness in oilpatch still hang over Canadian outlook",2019-06-28,Business sentiment improves after downturn early in year,1,"Business sentiment improves after downturn early in year. Global trade tensions, weakness in oilpatch still hang over Canadian outlook"
75,"After Trump pledges more tariffs, China allows currency to fall and threatens agricultural tariffs",2019-08-05,Chinese yuan falls to 11-year low amid trade tensions,-1,"Chinese yuan falls to 11-year low amid trade tensions. After Trump pledges more tariffs, China allows currency to fall and threatens agricultural tariffs"
93,Trump's effort to reorient the U.S.'s place in world trade could end up being much more costly than most people think,2019-06-03,Donald Trump's trade war has already cost investors up to $7 trillion,0,Donald Trump's trade war has already cost investors up to $7 trillion. Trump's effort to reorient the U.S.'s place in world trade could end up being much more costly than most people think
105,"Telephone poll shows a clear majority continue to say higher borrowing costs are either having no impact, or a positive one, on personal spending",2019-02-14,Interest rate hikes don't seem to be hurting Canadian households after all,1,"Interest rate hikes don't seem to be hurting Canadian households after all. Telephone poll shows a clear majority continue to say higher borrowing costs are either having no impact, or a positive one, on personal spending"
13,"Airline lobby group warns that, without aid, companies will fold and thousands more will be laid off",2020-04-01,"Canada's airline, tourism sectors facing 'catastrophic' decline due to COVID-19 pandemic",-1,"Canada's airline, tourism sectors facing 'catastrophic' decline due to COVID-19 pandemic. Airline lobby group warns that, without aid, companies will fold and thousands more will be laid off"
12,"Ontario projects between 3,000 and 15,000 deaths over 18-24 months of pandemic",2020-04-04,Coronavirus: What's happening in Canada and around the world on April 3,0,"Coronavirus: What's happening in Canada and around the world on April 3. Ontario projects between 3,000 and 15,000 deaths over 18-24 months of pandemic"
64,13 investigations revealed after election blackout lifted,2019-09-17,"Manitoba police watchdog investigates off-duty drinking and driving, excessive force",0,"Manitoba police watchdog investigates off-duty drinking and driving, excessive force. 13 investigations revealed after election blackout lifted"
28,"Canadian banks will continue to underperform in 2020 as declines in lending activity weigh on earnings, according to strategists at Canaccord Genuity who are advising clients to underweight the group.",2020-02-04,Canaccord downgrades Canadian banks amid 'toxic mix' of risks,-1,"Canaccord downgrades Canadian banks amid 'toxic mix' of risks. Canadian banks will continue to underperform in 2020 as declines in lending activity weigh on earnings, according to strategists at Canaccord Genuity who are advising clients to underweight the group."
83,"The sun is shining, the birds are chirping, but central bankers must plan for storms",2019-07-08,Expect Bank of Canada to take heart from an improving U.S. economic climate: Don Pittis,1,"Expect Bank of Canada to take heart from an improving U.S. economic climate: Don Pittis. The sun is shining, the birds are chirping, but central bankers must plan for storms"
39,"Woodlawn United Church in Darmouth, N.S., ends year with $131 credit, rather than $9K power bill",2019-12-20,Let there be light': Solar power means church no longer pays a power bill,0,"Let there be light': Solar power means church no longer pays a power bill. Woodlawn United Church in Darmouth, N.S., ends year with $131 credit, rather than $9K power bill"
18,"Kathy Dunderdale, premier at time of project's sanctioning, says it's 'difficult' to read report",2020-03-11,An unrepentant Ed Martin goes on the attack in response to Muskrat Falls inquiry report,0,"An unrepentant Ed Martin goes on the attack in response to Muskrat Falls inquiry report. Kathy Dunderdale, premier at time of project's sanctioning, says it's 'difficult' to read report"
15,The Bank of England cut interest rates to a record-low 0.1 per cent and added 200 billion pounds (US$230 billion) to its asset-purchase program in its latest emergency action to mitigate the economic impact of the coronavirus pandemic.,2020-03-19,BOE cuts rate in second emergency move to combat virus shock,-1,BOE cuts rate in second emergency move to combat virus shock. The Bank of England cut interest rates to a record-low 0.1 per cent and added 200 billion pounds (US$230 billion) to its asset-purchase program in its latest emergency action to mitigate the economic impact of the coronavirus pandemic.
55,There are a wide range of changes coming. Here's what they mean for your bottom line.,2019-10-25,From income taxes to AirBnB rentals: How Alberta's new budget will affect your personal finances,0,From income taxes to AirBnB rentals: How Alberta's new budget will affect your personal finances. There are a wide range of changes coming. Here's what they mean for your bottom line.
103,Former adviser to Bank of Canada is not the only one bearish on the loonie,2019-03-18,"Canadian dollar could sink to record low of 62 cents as economy slides closer to recession, says David Wolf",-1,"Canadian dollar could sink to record low of 62 cents as economy slides closer to recession, says David Wolf. Former adviser to Bank of Canada is not the only one bearish on the loonie"
9,Question for governments is how much to spend now to avert potential disaster later,2020-04-10,Poor planning for COVID-19 rings economic warning bell for climate: Don Pittis,0,Poor planning for COVID-19 rings economic warning bell for climate: Don Pittis. Question for governments is how much to spend now to avert potential disaster later
105,"Telephone poll shows a clear majority continue to say higher borrowing costs are either having no impact, or a positive one, on personal spending",2019-02-14,Interest rate hikes don't seem to be hurting Canadian households after all,1,"Interest rate hikes don't seem to be hurting Canadian households after all. Telephone poll shows a clear majority continue to say higher borrowing costs are either having no impact, or a positive one, on personal spending"
41,Gibbons administrator floats plan to have town issue credit cards and collect interest,2019-12-12,"For town looking to raise money, is a new credit program in the cards?",0,"For town looking to raise money, is a new credit program in the cards?. Gibbons administrator floats plan to have town issue credit cards and collect interest"
54,Rebound predicted after low 2019 numbers,2019-10-25,CMHC predicts moderate Sask. housing market rebound in next year,1,CMHC predicts moderate Sask. housing market rebound in next year. Rebound predicted after low 2019 numbers
16,"When stock markets go down by 7%, automatic trading halts kick in to calm the situation",2020-03-16,TSX and Dow Jones lose another 10% as coronavirus sell-off continues,-1,"TSX and Dow Jones lose another 10% as coronavirus sell-off continues. When stock markets go down by 7%, automatic trading halts kick in to calm the situation"
3,"(Bloomberg) — HSBC Holdings Plc, one of the largest players in the gold market, was caught out in March as lockdowns disrupted physical shipments of bullion and caused prices to ...",2020-05-06,HSBC Reveals It Was Caught Out as Lockdowns Snarled Gold Market,0,"HSBC Reveals It Was Caught Out as Lockdowns Snarled Gold Market. (Bloomberg) — HSBC Holdings Plc, one of the largest players in the gold market, was caught out in March as lockdowns disrupted physical shipments of bullion and caused prices to ..."
22,Former U.S. Federal Reserve governor ​Kevin Warsh is making the case for the U.S. central bank to lead coordinated interest rate cuts in order to support the global economy amid the rapid spread of coronavirus.,2020-02-27,Ex-Fed official urges coordinated rate cuts as virus spreads,-1,Ex-Fed official urges coordinated rate cuts as virus spreads. Former U.S. Federal Reserve governor ​Kevin Warsh is making the case for the U.S. central bank to lead coordinated interest rate cuts in order to support the global economy amid the rapid spread of coronavirus.
62,"If the Canadian housing market had a spirit animal, a cat could be fitting.",2019-09-20,Lower rates giving Canadian housing 'nine lives': CIBC's Tal,-1,"Lower rates giving Canadian housing 'nine lives': CIBC's Tal. If the Canadian housing market had a spirit animal, a cat could be fitting."
7,But Bank of Canada governor tells MPs full recovery could take a year under 'best-case' scenario,2020-04-17,Poloz sees parts of Canadian economy beginning to restart in 'late May',1,Poloz sees parts of Canadian economy beginning to restart in 'late May'. But Bank of Canada governor tells MPs full recovery could take a year under 'best-case' scenario
87,"Global trade tensions, weakness in oilpatch still hang over Canadian outlook",2019-06-28,Business sentiment improves after downturn early in year,1,"Business sentiment improves after downturn early in year. Global trade tensions, weakness in oilpatch still hang over Canadian outlook"
6,"GPD falls 4.8%, consumer spending down most since 1980, business investment plummets to 11-year low",2020-04-29,America’s longest economic expansion is over — and the deepest recession in at least eight decades has begun,-1,"America’s longest economic expansion is over — and the deepest recession in at least eight decades has begun. GPD falls 4.8%, consumer spending down most since 1980, business investment plummets to 11-year low"
4,"With growing economic uncertainty during the COVID-19 pandemic, the financial landscape is shifting every day.",2020-05-05,"CERB, CESB and negative interest rates: Ask BNN Bloomberg answers your personal finance questions",-1,"CERB, CESB and negative interest rates: Ask BNN Bloomberg answers your personal finance questions. With growing economic uncertainty during the COVID-19 pandemic, the financial landscape is shifting every day."
76,Quebec banks require a two per cent minimum payment and more provinces could follow suit,2019-08-04,Why increasing minimum credit card payments could be beneficial,1,Why increasing minimum credit card payments could be beneficial. Quebec banks require a two per cent minimum payment and more provinces could follow suit
76,Quebec banks require a two per cent minimum payment and more provinces could follow suit,2019-08-04,Why increasing minimum credit card payments could be beneficial,1,Why increasing minimum credit card payments could be beneficial. Quebec banks require a two per cent minimum payment and more provinces could follow suit
19,"Alberta Premier Kenney, with softened tone, shifts emphasis from restraint to protection of economy, jobs",2020-03-10,"Oil prices take biggest plunge in decades, taking another bite out of reeling Alberta",-1,"Oil prices take biggest plunge in decades, taking another bite out of reeling Alberta. Alberta Premier Kenney, with softened tone, shifts emphasis from restraint to protection of economy, jobs"
4,"With growing economic uncertainty during the COVID-19 pandemic, the financial landscape is shifting every day.",2020-05-05,"CERB, CESB and negative interest rates: Ask BNN Bloomberg answers your personal finance questions",-1,"CERB, CESB and negative interest rates: Ask BNN Bloomberg answers your personal finance questions. With growing economic uncertainty during the COVID-19 pandemic, the financial landscape is shifting every day."
49,Improvement in economic data seemingly reduces the risks of a recession in the near term,2019-11-27,"U.S. reports on GDP, consumer spending remain positive",1,"U.S. reports on GDP, consumer spending remain positive. Improvement in economic data seemingly reduces the risks of a recession in the near term"
40,Bank of Canada Governor Stephen Poloz said he expects global interest rates to remain low for years to come due to the effects of structural forces such as sluggish productivity and population growth.,2019-12-12,Poloz sees era of low global interest rates amid 'structural forces',-1,Poloz sees era of low global interest rates amid 'structural forces'. Bank of Canada Governor Stephen Poloz said he expects global interest rates to remain low for years to come due to the effects of structural forces such as sluggish productivity and population growth.
33,Stephen Poloz is heading into the final few months of his term as Bank of Canada governor showing few signs of giving up his status as one of the industrialized world’s most hawkish central bankers.,2020-01-21,Stephen Poloz enters home stretch hawkish on rates,-1,Stephen Poloz enters home stretch hawkish on rates. Stephen Poloz is heading into the final few months of his term as Bank of Canada governor showing few signs of giving up his status as one of the industrialized world’s most hawkish central bankers.
9,Question for governments is how much to spend now to avert potential disaster later,2020-04-10,Poor planning for COVID-19 rings economic warning bell for climate: Don Pittis,0,Poor planning for COVID-19 rings economic warning bell for climate: Don Pittis. Question for governments is how much to spend now to avert potential disaster later
61,It's nothing that a senior can really afford',2019-10-02,"Rents have just gone sky high': Cardigan candidates, voters weigh in on housing crisis",1,"Rents have just gone sky high': Cardigan candidates, voters weigh in on housing crisis. It's nothing that a senior can really afford'"
105,"Telephone poll shows a clear majority continue to say higher borrowing costs are either having no impact, or a positive one, on personal spending",2019-02-14,Interest rate hikes don't seem to be hurting Canadian households after all,1,"Interest rate hikes don't seem to be hurting Canadian households after all. Telephone poll shows a clear majority continue to say higher borrowing costs are either having no impact, or a positive one, on personal spending"
87,"Global trade tensions, weakness in oilpatch still hang over Canadian outlook",2019-06-28,Business sentiment improves after downturn early in year,1,"Business sentiment improves after downturn early in year. Global trade tensions, weakness in oilpatch still hang over Canadian outlook"
57,'The world economy faces difficult headwinds',2019-10-15,The IMF cuts its global growth forecast for the fifth time in a row to the weakest in a decade,-1,The IMF cuts its global growth forecast for the fifth time in a row to the weakest in a decade. 'The world economy faces difficult headwinds'
56,"Federal Reserve officials will signal they’re likely to take a break from cutting interest rates after lowering them again next week, according to a majority of economists surveyed by Bloomberg.",2019-10-25,U.S. Fed seen cutting rates next week and then hitting pause button,-1,"U.S. Fed seen cutting rates next week and then hitting pause button. Federal Reserve officials will signal they’re likely to take a break from cutting interest rates after lowering them again next week, according to a majority of economists surveyed by Bloomberg."
82,The city will petition Transport Canada to prohibit water vessels within 30 metres of the shoreline,2019-07-10,Windsor pursuing motorized watercraft ban along shoreline,0,Windsor pursuing motorized watercraft ban along shoreline. The city will petition Transport Canada to prohibit water vessels within 30 metres of the shoreline
61,It's nothing that a senior can really afford',2019-10-02,"Rents have just gone sky high': Cardigan candidates, voters weigh in on housing crisis",1,"Rents have just gone sky high': Cardigan candidates, voters weigh in on housing crisis. It's nothing that a senior can really afford'"
50,Losses of $10.9 million were subsidized by a Crown corporation's earnings,2019-11-20,"Trans Mountain received $320M in government subsidies in 2019, report finds",1,"Trans Mountain received $320M in government subsidies in 2019, report finds. Losses of $10.9 million were subsidized by a Crown corporation's earnings"
75,"After Trump pledges more tariffs, China allows currency to fall and threatens agricultural tariffs",2019-08-05,Chinese yuan falls to 11-year low amid trade tensions,-1,"Chinese yuan falls to 11-year low amid trade tensions. After Trump pledges more tariffs, China allows currency to fall and threatens agricultural tariffs"
102,The unexpected gain paints a much less bleak picture for an economy than we have been seeing lately,2019-03-29,Canada emerges from slump with best growth gain in eight months,1,Canada emerges from slump with best growth gain in eight months. The unexpected gain paints a much less bleak picture for an economy than we have been seeing lately
87,"Global trade tensions, weakness in oilpatch still hang over Canadian outlook",2019-06-28,Business sentiment improves after downturn early in year,1,"Business sentiment improves after downturn early in year. Global trade tensions, weakness in oilpatch still hang over Canadian outlook"
108,Canadian personal banking group head is out to capture 'embedded growth opportunity' in loans despite widespread concerns over high household debt,2019-01-29,TD to focus on home-equity lines of credit in push for banking dominance,0,TD to focus on home-equity lines of credit in push for banking dominance. Canadian personal banking group head is out to capture 'embedded growth opportunity' in loans despite widespread concerns over high household debt
63,Parties compete in offering new programs for young families,2019-09-18,"So far, families with children are the real winners in this election campaign",0,"So far, families with children are the real winners in this election campaign. Parties compete in offering new programs for young families"
29,Finance columnist Mark Ting expects more short term volatility with further drops in the Chinese stock markets,2020-02-02,How coronavirus fears could impact your investment portfolio,-1,How coronavirus fears could impact your investment portfolio. Finance columnist Mark Ting expects more short term volatility with further drops in the Chinese stock markets
22,Former U.S. Federal Reserve governor ​Kevin Warsh is making the case for the U.S. central bank to lead coordinated interest rate cuts in order to support the global economy amid the rapid spread of coronavirus.,2020-02-27,Ex-Fed official urges coordinated rate cuts as virus spreads,-1,Ex-Fed official urges coordinated rate cuts as virus spreads. Former U.S. Federal Reserve governor ​Kevin Warsh is making the case for the U.S. central bank to lead coordinated interest rate cuts in order to support the global economy amid the rapid spread of coronavirus.
102,The unexpected gain paints a much less bleak picture for an economy than we have been seeing lately,2019-03-29,Canada emerges from slump with best growth gain in eight months,1,Canada emerges from slump with best growth gain in eight months. The unexpected gain paints a much less bleak picture for an economy than we have been seeing lately
106,"While Krugman doesn't expect a crisis of the magnitude of 2008, he said policy makers in Washington would struggle to contain large shocks",2019-02-11,Paul Krugman says the U.S. is headed for a possible recession and the Fed won't be able to combat it,-1,"Paul Krugman says the U.S. is headed for a possible recession and the Fed won't be able to combat it. While Krugman doesn't expect a crisis of the magnitude of 2008, he said policy makers in Washington would struggle to contain large shocks"
74,Traders are adding to bets the Bank of Canada will 'roll over' and cut interest rates,2019-08-06,Canadian yield curve inversion dives to deepest level since 2000,-1,Canadian yield curve inversion dives to deepest level since 2000. Traders are adding to bets the Bank of Canada will 'roll over' and cut interest rates
92,Mortgage backed securities would be a good way for lenders to hedge their residential real estate exposure,2019-06-05,The same type of debt blamed in the U.S. credit crisis could help Canada with housing risk,0,The same type of debt blamed in the U.S. credit crisis could help Canada with housing risk. Mortgage backed securities would be a good way for lenders to hedge their residential real estate exposure
78,"Canada's economy is doing fine, but central banks headed in different directions likely to be driver of dollar",2019-07-31,Up or down? Currency watchers split on which way the dollar is headed,0,"Up or down? Currency watchers split on which way the dollar is headed. Canada's economy is doing fine, but central banks headed in different directions likely to be driver of dollar"
49,Improvement in economic data seemingly reduces the risks of a recession in the near term,2019-11-27,"U.S. reports on GDP, consumer spending remain positive",1,"U.S. reports on GDP, consumer spending remain positive. Improvement in economic data seemingly reduces the risks of a recession in the near term"
110,Poloz says Oshawa has grown despite the decline in auto manufacturing and current GM workers will be retrained,2019-01-09,Stephen Poloz sees signs of hope for his hometown of Oshawa after GM closes plant,0,Stephen Poloz sees signs of hope for his hometown of Oshawa after GM closes plant. Poloz says Oshawa has grown despite the decline in auto manufacturing and current GM workers will be retrained
61,It's nothing that a senior can really afford',2019-10-02,"Rents have just gone sky high': Cardigan candidates, voters weigh in on housing crisis",1,"Rents have just gone sky high': Cardigan candidates, voters weigh in on housing crisis. It's nothing that a senior can really afford'"
29,Finance columnist Mark Ting expects more short term volatility with further drops in the Chinese stock markets,2020-02-02,How coronavirus fears could impact your investment portfolio,-1,How coronavirus fears could impact your investment portfolio. Finance columnist Mark Ting expects more short term volatility with further drops in the Chinese stock markets
67,Chief Mario Draghi pledge indefinite stimulus Thursday,2019-09-12,European Central Bank introduces aggressive stimulus package to revive ailing economy,-1,European Central Bank introduces aggressive stimulus package to revive ailing economy. Chief Mario Draghi pledge indefinite stimulus Thursday
61,It's nothing that a senior can really afford',2019-10-02,"Rents have just gone sky high': Cardigan candidates, voters weigh in on housing crisis",1,"Rents have just gone sky high': Cardigan candidates, voters weigh in on housing crisis. It's nothing that a senior can really afford'"
87,"Global trade tensions, weakness in oilpatch still hang over Canadian outlook",2019-06-28,Business sentiment improves after downturn early in year,1,"Business sentiment improves after downturn early in year. Global trade tensions, weakness in oilpatch still hang over Canadian outlook"
107,"'Greater caution' should be taken when investing in new condo units, warns research firm",2019-02-01,Toronto new home sales plunge to lowest in almost 20 years as unsold condos pile up,0,"Toronto new home sales plunge to lowest in almost 20 years as unsold condos pile up. 'Greater caution' should be taken when investing in new condo units, warns research firm"
42,Central bank kept key interest rate on hold last week at 1.75 per cent,2019-12-12,"Bank of Canada's Poloz says global growth to remain slow, low global interest rates",-1,"Bank of Canada's Poloz says global growth to remain slow, low global interest rates. Central bank kept key interest rate on hold last week at 1.75 per cent"
91,U.S. central bank keeps benchmark rate in range between 2.25% and 2.5%,2019-06-19,Federal Reserve holds key interest rate steady — but its patience is wearing thin,1,Federal Reserve holds key interest rate steady — but its patience is wearing thin. U.S. central bank keeps benchmark rate in range between 2.25% and 2.5%
6,"GPD falls 4.8%, consumer spending down most since 1980, business investment plummets to 11-year low",2020-04-29,America’s longest economic expansion is over — and the deepest recession in at least eight decades has begun,-1,"America’s longest economic expansion is over — and the deepest recession in at least eight decades has begun. GPD falls 4.8%, consumer spending down most since 1980, business investment plummets to 11-year low"
109,"Vancouver is in 'full-blown correction mode,' RBC economist says, with more price depreciations expected",2019-01-16,"In Canada's housing slowdown, Vancouver proves to be the weakest link",0,"In Canada's housing slowdown, Vancouver proves to be the weakest link. Vancouver is in 'full-blown correction mode,' RBC economist says, with more price depreciations expected"
49,Improvement in economic data seemingly reduces the risks of a recession in the near term,2019-11-27,"U.S. reports on GDP, consumer spending remain positive",1,"U.S. reports on GDP, consumer spending remain positive. Improvement in economic data seemingly reduces the risks of a recession in the near term"
101,Governor’s speech suggests Bank of Canada rates won’t be moving up or down any time soon,2019-04-01,"Stephen Poloz confident slowdown is temporary, but low rates still needed",-1,"Stephen Poloz confident slowdown is temporary, but low rates still needed. Governor’s speech suggests Bank of Canada rates won’t be moving up or down any time soon"
83,"The sun is shining, the birds are chirping, but central bankers must plan for storms",2019-07-08,Expect Bank of Canada to take heart from an improving U.S. economic climate: Don Pittis,1,"Expect Bank of Canada to take heart from an improving U.S. economic climate: Don Pittis. The sun is shining, the birds are chirping, but central bankers must plan for storms"
48,"Canada's growth engines are sputtering, from investment and exports to weakening consumption as households cope with high debt levels",2019-11-28,Canadian economy faces a prolonged period of sluggish growth,-1,"Canadian economy faces a prolonged period of sluggish growth. Canada's growth engines are sputtering, from investment and exports to weakening consumption as households cope with high debt levels"
107,"'Greater caution' should be taken when investing in new condo units, warns research firm",2019-02-01,Toronto new home sales plunge to lowest in almost 20 years as unsold condos pile up,0,"Toronto new home sales plunge to lowest in almost 20 years as unsold condos pile up. 'Greater caution' should be taken when investing in new condo units, warns research firm"
65,'A negative supply shock like this ... is just what we don't need',2019-09-16,Oil-price shock couldn't come at a worse time for global economy in grip of deepening downturn,-1,Oil-price shock couldn't come at a worse time for global economy in grip of deepening downturn. 'A negative supply shock like this ... is just what we don't need'
92,Mortgage backed securities would be a good way for lenders to hedge their residential real estate exposure,2019-06-05,The same type of debt blamed in the U.S. credit crisis could help Canada with housing risk,0,The same type of debt blamed in the U.S. credit crisis could help Canada with housing risk. Mortgage backed securities would be a good way for lenders to hedge their residential real estate exposure
91,U.S. central bank keeps benchmark rate in range between 2.25% and 2.5%,2019-06-19,Federal Reserve holds key interest rate steady — but its patience is wearing thin,1,Federal Reserve holds key interest rate steady — but its patience is wearing thin. U.S. central bank keeps benchmark rate in range between 2.25% and 2.5%
83,"The sun is shining, the birds are chirping, but central bankers must plan for storms",2019-07-08,Expect Bank of Canada to take heart from an improving U.S. economic climate: Don Pittis,1,"Expect Bank of Canada to take heart from an improving U.S. economic climate: Don Pittis. The sun is shining, the birds are chirping, but central bankers must plan for storms"
83,"The sun is shining, the birds are chirping, but central bankers must plan for storms",2019-07-08,Expect Bank of Canada to take heart from an improving U.S. economic climate: Don Pittis,1,"Expect Bank of Canada to take heart from an improving U.S. economic climate: Don Pittis. The sun is shining, the birds are chirping, but central bankers must plan for storms"
10,Burry says lockdowns intended to contain the pandemic are worse than the disease itself,2020-04-07,Michael Burry of 'The Big Short' slams coronavirus lockdowns in tweetstorm,-1,Michael Burry of 'The Big Short' slams coronavirus lockdowns in tweetstorm. Burry says lockdowns intended to contain the pandemic are worse than the disease itself
111,"Developers may be cautious short-term, but are confident prices will continue to rise longer term due to supply constraints and Toronto's growth prospects",2018-12-18,"Toronto condo party to sober up in 2019, developers say, but don't expect prices to go down",0,"Toronto condo party to sober up in 2019, developers say, but don't expect prices to go down. Developers may be cautious short-term, but are confident prices will continue to rise longer term due to supply constraints and Toronto's growth prospects"
62,"If the Canadian housing market had a spirit animal, a cat could be fitting.",2019-09-20,Lower rates giving Canadian housing 'nine lives': CIBC's Tal,-1,"Lower rates giving Canadian housing 'nine lives': CIBC's Tal. If the Canadian housing market had a spirit animal, a cat could be fitting."
19,"Alberta Premier Kenney, with softened tone, shifts emphasis from restraint to protection of economy, jobs",2020-03-10,"Oil prices take biggest plunge in decades, taking another bite out of reeling Alberta",-1,"Oil prices take biggest plunge in decades, taking another bite out of reeling Alberta. Alberta Premier Kenney, with softened tone, shifts emphasis from restraint to protection of economy, jobs"
107,"'Greater caution' should be taken when investing in new condo units, warns research firm",2019-02-01,Toronto new home sales plunge to lowest in almost 20 years as unsold condos pile up,0,"Toronto new home sales plunge to lowest in almost 20 years as unsold condos pile up. 'Greater caution' should be taken when investing in new condo units, warns research firm"
109,"Vancouver is in 'full-blown correction mode,' RBC economist says, with more price depreciations expected",2019-01-16,"In Canada's housing slowdown, Vancouver proves to be the weakest link",0,"In Canada's housing slowdown, Vancouver proves to be the weakest link. Vancouver is in 'full-blown correction mode,' RBC economist says, with more price depreciations expected"
60,Feds will have to decide which territorial platform promises they will back with investment,2019-10-07,N.W.T.'s incoming MLAs already have long list of asks for new federal gov't,0,N.W.T.'s incoming MLAs already have long list of asks for new federal gov't. Feds will have to decide which territorial platform promises they will back with investment
54,Rebound predicted after low 2019 numbers,2019-10-25,CMHC predicts moderate Sask. housing market rebound in next year,1,CMHC predicts moderate Sask. housing market rebound in next year. Rebound predicted after low 2019 numbers
102,The unexpected gain paints a much less bleak picture for an economy than we have been seeing lately,2019-03-29,Canada emerges from slump with best growth gain in eight months,1,Canada emerges from slump with best growth gain in eight months. The unexpected gain paints a much less bleak picture for an economy than we have been seeing lately
107,"'Greater caution' should be taken when investing in new condo units, warns research firm",2019-02-01,Toronto new home sales plunge to lowest in almost 20 years as unsold condos pile up,0,"Toronto new home sales plunge to lowest in almost 20 years as unsold condos pile up. 'Greater caution' should be taken when investing in new condo units, warns research firm"
57,'The world economy faces difficult headwinds',2019-10-15,The IMF cuts its global growth forecast for the fifth time in a row to the weakest in a decade,-1,The IMF cuts its global growth forecast for the fifth time in a row to the weakest in a decade. 'The world economy faces difficult headwinds'
1,Central bank says number of people falling behind on mortgages could almost quadruple,2020-05-14,"Mortgage arrears rate could spike to double what it was in 2009, Bank of Canada says",-1,"Mortgage arrears rate could spike to double what it was in 2009, Bank of Canada says. Central bank says number of people falling behind on mortgages could almost quadruple"
28,"Canadian banks will continue to underperform in 2020 as declines in lending activity weigh on earnings, according to strategists at Canaccord Genuity who are advising clients to underweight the group.",2020-02-04,Canaccord downgrades Canadian banks amid 'toxic mix' of risks,-1,"Canaccord downgrades Canadian banks amid 'toxic mix' of risks. Canadian banks will continue to underperform in 2020 as declines in lending activity weigh on earnings, according to strategists at Canaccord Genuity who are advising clients to underweight the group."
83,"The sun is shining, the birds are chirping, but central bankers must plan for storms",2019-07-08,Expect Bank of Canada to take heart from an improving U.S. economic climate: Don Pittis,1,"Expect Bank of Canada to take heart from an improving U.S. economic climate: Don Pittis. The sun is shining, the birds are chirping, but central bankers must plan for storms"
109,"Vancouver is in 'full-blown correction mode,' RBC economist says, with more price depreciations expected",2019-01-16,"In Canada's housing slowdown, Vancouver proves to be the weakest link",0,"In Canada's housing slowdown, Vancouver proves to be the weakest link. Vancouver is in 'full-blown correction mode,' RBC economist says, with more price depreciations expected"
1,Central bank says number of people falling behind on mortgages could almost quadruple,2020-05-14,"Mortgage arrears rate could spike to double what it was in 2009, Bank of Canada says",-1,"Mortgage arrears rate could spike to double what it was in 2009, Bank of Canada says. Central bank says number of people falling behind on mortgages could almost quadruple"
44,"More than half of vacant Vancouver homes are back on the market, but can it work in Hamilton?",2019-12-09,Hamilton looks at an empty homes tax to ward off speculators and help local rents,0,"Hamilton looks at an empty homes tax to ward off speculators and help local rents. More than half of vacant Vancouver homes are back on the market, but can it work in Hamilton?"
76,Quebec banks require a two per cent minimum payment and more provinces could follow suit,2019-08-04,Why increasing minimum credit card payments could be beneficial,1,Why increasing minimum credit card payments could be beneficial. Quebec banks require a two per cent minimum payment and more provinces could follow suit
44,"More than half of vacant Vancouver homes are back on the market, but can it work in Hamilton?",2019-12-09,Hamilton looks at an empty homes tax to ward off speculators and help local rents,0,"Hamilton looks at an empty homes tax to ward off speculators and help local rents. More than half of vacant Vancouver homes are back on the market, but can it work in Hamilton?"
54,Rebound predicted after low 2019 numbers,2019-10-25,CMHC predicts moderate Sask. housing market rebound in next year,1,CMHC predicts moderate Sask. housing market rebound in next year. Rebound predicted after low 2019 numbers
49,Improvement in economic data seemingly reduces the risks of a recession in the near term,2019-11-27,"U.S. reports on GDP, consumer spending remain positive",1,"U.S. reports on GDP, consumer spending remain positive. Improvement in economic data seemingly reduces the risks of a recession in the near term"
48,"Canada's growth engines are sputtering, from investment and exports to weakening consumption as households cope with high debt levels",2019-11-28,Canadian economy faces a prolonged period of sluggish growth,-1,"Canadian economy faces a prolonged period of sluggish growth. Canada's growth engines are sputtering, from investment and exports to weakening consumption as households cope with high debt levels"
100,It's the third time the IMF has downgraded its outlook in six months,2019-04-09,IMF cuts global outlook to lowest since the financial crisis,-1,IMF cuts global outlook to lowest since the financial crisis. It's the third time the IMF has downgraded its outlook in six months
23,Annual 100-megatonne cap was introduced by Alberta's previous NDP government,2020-02-19,Ottawa formally asks Alberta to enact cap on oilsands emissions as Teck Frontier decision looms,0,Ottawa formally asks Alberta to enact cap on oilsands emissions as Teck Frontier decision looms. Annual 100-megatonne cap was introduced by Alberta's previous NDP government
6,"GPD falls 4.8%, consumer spending down most since 1980, business investment plummets to 11-year low",2020-04-29,America’s longest economic expansion is over — and the deepest recession in at least eight decades has begun,-1,"America’s longest economic expansion is over — and the deepest recession in at least eight decades has begun. GPD falls 4.8%, consumer spending down most since 1980, business investment plummets to 11-year low"
102,The unexpected gain paints a much less bleak picture for an economy than we have been seeing lately,2019-03-29,Canada emerges from slump with best growth gain in eight months,1,Canada emerges from slump with best growth gain in eight months. The unexpected gain paints a much less bleak picture for an economy than we have been seeing lately
83,"The sun is shining, the birds are chirping, but central bankers must plan for storms",2019-07-08,Expect Bank of Canada to take heart from an improving U.S. economic climate: Don Pittis,1,"Expect Bank of Canada to take heart from an improving U.S. economic climate: Don Pittis. The sun is shining, the birds are chirping, but central bankers must plan for storms"
86,Poll finds high levels of anxiety - and a low level of confidence in politicians - ahead of fall election,2019-06-30,Conflicted and worried: CBC News poll takes snapshot of Canadians ahead of fall election,-1,Conflicted and worried: CBC News poll takes snapshot of Canadians ahead of fall election. Poll finds high levels of anxiety - and a low level of confidence in politicians - ahead of fall election
1,Central bank says number of people falling behind on mortgages could almost quadruple,2020-05-14,"Mortgage arrears rate could spike to double what it was in 2009, Bank of Canada says",-1,"Mortgage arrears rate could spike to double what it was in 2009, Bank of Canada says. Central bank says number of people falling behind on mortgages could almost quadruple"
73,"This beautiful residence for creatives in Picton, Ont. helps couple build ideal artists' life.",2019-08-09,Why these artists rejected city life (and how they're making it big in their small town),0,"Why these artists rejected city life (and how they're making it big in their small town). This beautiful residence for creatives in Picton, Ont. helps couple build ideal artists' life."
51,"For the first time this year, the Canadian economy is coming in below analyst expectations, according to a closely watched gauge of economic surprises.",2019-11-19,Resilient growth in Canada just got a fresh warning signal,-1,"Resilient growth in Canada just got a fresh warning signal. For the first time this year, the Canadian economy is coming in below analyst expectations, according to a closely watched gauge of economic surprises."
22,Former U.S. Federal Reserve governor ​Kevin Warsh is making the case for the U.S. central bank to lead coordinated interest rate cuts in order to support the global economy amid the rapid spread of coronavirus.,2020-02-27,Ex-Fed official urges coordinated rate cuts as virus spreads,-1,Ex-Fed official urges coordinated rate cuts as virus spreads. Former U.S. Federal Reserve governor ​Kevin Warsh is making the case for the U.S. central bank to lead coordinated interest rate cuts in order to support the global economy amid the rapid spread of coronavirus.
7,But Bank of Canada governor tells MPs full recovery could take a year under 'best-case' scenario,2020-04-17,Poloz sees parts of Canadian economy beginning to restart in 'late May',1,Poloz sees parts of Canadian economy beginning to restart in 'late May'. But Bank of Canada governor tells MPs full recovery could take a year under 'best-case' scenario
54,Rebound predicted after low 2019 numbers,2019-10-25,CMHC predicts moderate Sask. housing market rebound in next year,1,CMHC predicts moderate Sask. housing market rebound in next year. Rebound predicted after low 2019 numbers
84,"NDP Leader Wab Kinew says Premier Brian Pallister plans to whittle away at MPI, piece by piece",2019-07-05,"Pallister government wants to privatize Manitoba Public Insurance, NDP says",0,"Pallister government wants to privatize Manitoba Public Insurance, NDP says. NDP Leader Wab Kinew says Premier Brian Pallister plans to whittle away at MPI, piece by piece"
65,'A negative supply shock like this ... is just what we don't need',2019-09-16,Oil-price shock couldn't come at a worse time for global economy in grip of deepening downturn,-1,Oil-price shock couldn't come at a worse time for global economy in grip of deepening downturn. 'A negative supply shock like this ... is just what we don't need'
76,Quebec banks require a two per cent minimum payment and more provinces could follow suit,2019-08-04,Why increasing minimum credit card payments could be beneficial,1,Why increasing minimum credit card payments could be beneficial. Quebec banks require a two per cent minimum payment and more provinces could follow suit
7,But Bank of Canada governor tells MPs full recovery could take a year under 'best-case' scenario,2020-04-17,Poloz sees parts of Canadian economy beginning to restart in 'late May',1,Poloz sees parts of Canadian economy beginning to restart in 'late May'. But Bank of Canada governor tells MPs full recovery could take a year under 'best-case' scenario
28,"Canadian banks will continue to underperform in 2020 as declines in lending activity weigh on earnings, according to strategists at Canaccord Genuity who are advising clients to underweight the group.",2020-02-04,Canaccord downgrades Canadian banks amid 'toxic mix' of risks,-1,"Canaccord downgrades Canadian banks amid 'toxic mix' of risks. Canadian banks will continue to underperform in 2020 as declines in lending activity weigh on earnings, according to strategists at Canaccord Genuity who are advising clients to underweight the group."
33,Stephen Poloz is heading into the final few months of his term as Bank of Canada governor showing few signs of giving up his status as one of the industrialized world’s most hawkish central bankers.,2020-01-21,Stephen Poloz enters home stretch hawkish on rates,-1,Stephen Poloz enters home stretch hawkish on rates. Stephen Poloz is heading into the final few months of his term as Bank of Canada governor showing few signs of giving up his status as one of the industrialized world’s most hawkish central bankers.
54,Rebound predicted after low 2019 numbers,2019-10-25,CMHC predicts moderate Sask. housing market rebound in next year,1,CMHC predicts moderate Sask. housing market rebound in next year. Rebound predicted after low 2019 numbers
31,Stakeholders make final arguments for and against $92M plan before EUB,2020-01-22,NB Power's smart meter plan gets major boost with critical endorsements,0,NB Power's smart meter plan gets major boost with critical endorsements. Stakeholders make final arguments for and against $92M plan before EUB
87,"Global trade tensions, weakness in oilpatch still hang over Canadian outlook",2019-06-28,Business sentiment improves after downturn early in year,1,"Business sentiment improves after downturn early in year. Global trade tensions, weakness in oilpatch still hang over Canadian outlook"
36,Debt from all sectors — ranging from household to government to corporate bonds — has surged,2020-01-13,Global debt-to-GDP ratio has now hit an all-time high of 322%,0,Global debt-to-GDP ratio has now hit an all-time high of 322%. Debt from all sectors — ranging from household to government to corporate bonds — has surged
89,There's a raft of bullish factors for the precious metal right now,2019-06-24,"Gold is still gaining today, bringing prices near the highest level since 2013 with bulls 'back in control'",0,"Gold is still gaining today, bringing prices near the highest level since 2013 with bulls 'back in control'. There's a raft of bullish factors for the precious metal right now"
88,Maggie Brown-Bury says she sees about 1 dog a week that has consumed cannabis,2019-06-28,Vet says to keep paws off pot as cases of marijuana toxicity in dogs increase,0,Vet says to keep paws off pot as cases of marijuana toxicity in dogs increase. Maggie Brown-Bury says she sees about 1 dog a week that has consumed cannabis
104,"Even after one of the most storied careers in financial markets, Bill Gross has a few surprises left",2019-03-01,Bill Gross says this secret condition made him a successful investor — and infamously short-tempered,0,"Bill Gross says this secret condition made him a successful investor — and infamously short-tempered. Even after one of the most storied careers in financial markets, Bill Gross has a few surprises left"
41,Gibbons administrator floats plan to have town issue credit cards and collect interest,2019-12-12,"For town looking to raise money, is a new credit program in the cards?",0,"For town looking to raise money, is a new credit program in the cards?. Gibbons administrator floats plan to have town issue credit cards and collect interest"
9,Question for governments is how much to spend now to avert potential disaster later,2020-04-10,Poor planning for COVID-19 rings economic warning bell for climate: Don Pittis,0,Poor planning for COVID-19 rings economic warning bell for climate: Don Pittis. Question for governments is how much to spend now to avert potential disaster later
49,Improvement in economic data seemingly reduces the risks of a recession in the near term,2019-11-27,"U.S. reports on GDP, consumer spending remain positive",1,"U.S. reports on GDP, consumer spending remain positive. Improvement in economic data seemingly reduces the risks of a recession in the near term"
20,Wide sector of industries affected — from manufacturing to tourism,2020-03-05,Businesses in B.C. 'feeling the pinch' of coronavirus outbreak on global markets,-1,Businesses in B.C. 'feeling the pinch' of coronavirus outbreak on global markets. Wide sector of industries affected — from manufacturing to tourism
54,Rebound predicted after low 2019 numbers,2019-10-25,CMHC predicts moderate Sask. housing market rebound in next year,1,CMHC predicts moderate Sask. housing market rebound in next year. Rebound predicted after low 2019 numbers
39,"Woodlawn United Church in Darmouth, N.S., ends year with $131 credit, rather than $9K power bill",2019-12-20,Let there be light': Solar power means church no longer pays a power bill,0,"Let there be light': Solar power means church no longer pays a power bill. Woodlawn United Church in Darmouth, N.S., ends year with $131 credit, rather than $9K power bill"
30,At least 121 wealthy people have signed letter titled Millionaires Against Pitchforks,2020-01-22,Patriotic Millionaires urge the rich to pay 'higher and fairer taxes',0,Patriotic Millionaires urge the rich to pay 'higher and fairer taxes'. At least 121 wealthy people have signed letter titled Millionaires Against Pitchforks
57,'The world economy faces difficult headwinds',2019-10-15,The IMF cuts its global growth forecast for the fifth time in a row to the weakest in a decade,-1,The IMF cuts its global growth forecast for the fifth time in a row to the weakest in a decade. 'The world economy faces difficult headwinds'
109,"Vancouver is in 'full-blown correction mode,' RBC economist says, with more price depreciations expected",2019-01-16,"In Canada's housing slowdown, Vancouver proves to be the weakest link",0,"In Canada's housing slowdown, Vancouver proves to be the weakest link. Vancouver is in 'full-blown correction mode,' RBC economist says, with more price depreciations expected"
49,Improvement in economic data seemingly reduces the risks of a recession in the near term,2019-11-27,"U.S. reports on GDP, consumer spending remain positive",1,"U.S. reports on GDP, consumer spending remain positive. Improvement in economic data seemingly reduces the risks of a recession in the near term"
70,"Trump said he's open to a range of possible actions, including a payroll tax cut or bypassing Congress to reduce taxes by indexing capital gains",2019-08-21,Trump says the U.S. is 'very far from a recession' but floats stimulus ideas anyway,0,"Trump says the U.S. is 'very far from a recession' but floats stimulus ideas anyway. Trump said he's open to a range of possible actions, including a payroll tax cut or bypassing Congress to reduce taxes by indexing capital gains"
